Step,Epoch,Total_Tokens,Task_Loss,Geo_Loss,Collapse_Penalty,Perplexity,Silhouette,Mean_Speed
0,1,0,9.838576316833496,1.741707682609558,0.0,18743.013671875,0.018029602244496346,0.12526024878025055
50,1,76800,9.840527534484863,1.736128568649292,0.0,18779.62109375,0.018002739176154137,0.12512458860874176
100,1,153600,9.680109977722168,1.904878854751587,0.0,15996.255859375,0.017693663015961647,0.13695818185806274
150,1,230400,8.689990043640137,5.635451316833496,0.04992491006851196,5943.123046875,0.01627344638109207,0.42496246099472046
200,1,307200,8.11776065826416,5.4932942390441895,0.031940340995788574,3353.5029296875,0.01561488676816225,0.41597017645835876
250,1,384000,7.9860968589782715,5.115324020385742,0.042648911476135254,2939.80029296875,0.008097740821540356,0.4213244616985321
300,1,460800,7.337992191314697,4.657322883605957,0.0,1537.6217041015625,0.008361502550542355,0.3985191881656647
350,1,537600,7.799993991851807,4.0755934715271,0.0,2440.58740234375,0.012263733893632889,0.38386666774749756
400,1,614400,7.41414213180542,3.80009126663208,0.0,1659.28515625,0.012175860814750195,0.38692229986190796
450,1,691200,7.596744537353516,3.6208853721618652,0.0,1991.7012939453125,0.01633591204881668,0.3917093873023987
500,1,768000,7.0985846519470215,3.3468403816223145,0.03166991472244263,1210.2529296875,0.014837612397968769,0.4158349633216858
550,1,844800,7.508417129516602,2.9589426517486572,0.0,1823.3251953125,0.017690425738692284,0.39657941460609436
600,1,921600,7.2674126625061035,2.5398447513580322,0.0,1432.83837890625,0.027718210592865944,0.3825133144855499
650,1,998400,7.021798610687256,2.4262378215789795,0.002452671527862549,1120.8006591796875,0.025699442252516747,0.40122634172439575
700,1,1075200,7.3895745277404785,2.4342041015625,0.0,1619.01708984375,0.03917670622467995,0.396818608045578
750,1,1152000,7.159679889678955,2.380997896194458,0.0,1286.4990234375,0.059209536761045456,0.38581907749176025
800,1,1228800,6.989899158477783,2.1442885398864746,0.0,1085.612060546875,0.07348981499671936,0.3794113099575043
850,1,1305600,7.653128147125244,2.1420140266418457,0.0,2107.22705078125,0.11684760451316833,0.38451284170150757
900,1,1382400,7.100410461425781,2.1497445106506348,0.0,1212.464599609375,0.11136632412672043,0.397572785615921
950,1,1459200,7.097034454345703,2.1119320392608643,0.012578368186950684,1208.378173828125,0.08015051484107971,0.4062891900539398
1000,1,1536000,7.064993381500244,1.9895566701889038,0.0,1170.2742919921875,0.08138258755207062,0.39585262537002563
1050,1,1612800,7.192488193511963,1.973621129989624,0.0,1329.4068603515625,0.08684899657964706,0.3954913318157196
1100,1,1689600,6.864770412445068,1.894817590713501,0.0,957.9259033203125,0.06551343947649002,0.3997398614883423
1150,1,1766400,6.464681148529053,1.9478294849395752,0.0,642.0596313476562,0.05058564245700836,0.3744231164455414
1200,1,1843200,6.973974227905273,1.861299753189087,0.0,1068.4605712890625,0.08090288192033768,0.3716100752353668
1250,1,1920000,6.041231155395508,1.8431577682495117,0.028076350688934326,420.41033935546875,0.08420709520578384,0.41403818130493164
1300,1,1996800,6.722710132598877,1.9407519102096558,0.0026779770851135254,831.0667724609375,0.0786166712641716,0.40133899450302124
1350,1,2073600,6.67004919052124,1.8450510501861572,0.0,788.4343872070312,0.05239196494221687,0.3935507535934448
1400,1,2150400,6.889890193939209,1.8361752033233643,0.017242133617401123,982.2935791015625,0.061576198786497116,0.40862107276916504
1450,1,2227200,6.7471795082092285,1.7657866477966309,0.0,851.6532592773438,0.03510160371661186,0.395092636346817
1500,1,2304000,6.601048946380615,1.8029059171676636,0.0,735.86669921875,0.06042640283703804,0.3802097737789154
1550,1,2380800,6.648654460906982,1.782232642173767,0.002588033676147461,771.7452392578125,0.045743297785520554,0.4012940227985382
1600,1,2457600,6.826744079589844,1.7205454111099243,0.0,922.183349609375,0.052651405334472656,0.39422905445098877
1650,1,2534400,6.745173931121826,1.7313969135284424,0.0,849.9469604492188,0.04445411637425423,0.39088234305381775
1700,1,2611200,7.0275444984436035,1.6985163688659668,0.0,1127.25927734375,0.045619841665029526,0.39032042026519775
1750,1,2688000,6.8417792320251465,1.7477260828018188,0.0,936.1533203125,0.039576705545186996,0.3854587972164154
1800,1,2764800,6.636117935180664,1.7731727361679077,0.0,762.130615234375,0.037891585379838943,0.3794746696949005
1850,1,2841600,6.626152038574219,1.753993272781372,0.0,754.5730590820312,0.04720534011721611,0.38977086544036865
1900,1,2918400,6.55047082901001,1.6722581386566162,0.0,699.573486328125,0.03680959343910217,0.389200359582901
1950,1,2995200,6.44155740737915,1.6570713520050049,0.0,627.3831176757812,0.046618346124887466,0.38826408982276917
2000,1,3072000,6.324893951416016,1.6709505319595337,0.0,558.298583984375,0.04095697030425072,0.3927232325077057
2050,1,3148800,6.594402313232422,1.6741409301757812,0.0020934343338012695,730.9918823242188,0.03835611790418625,0.4010467231273651
2100,1,3225600,6.700150012969971,1.5837329626083374,0.0,812.5277099609375,0.045695412904024124,0.3954002559185028
2150,1,3302400,6.563316345214844,1.6113548278808594,0.0,708.6177978515625,0.05255971476435661,0.38963583111763
2200,1,3379200,5.986368179321289,1.5403963327407837,0.0,397.9666748046875,0.025201713666319847,0.3955155909061432
2250,1,3456000,6.391618251800537,1.6065123081207275,0.0,596.8215942382812,0.04240451380610466,0.3987344205379486
2300,1,3532800,6.187129974365234,1.554018259048462,0.0,486.447998046875,0.044290702790021896,0.3762015104293823
2350,1,3609600,6.796370983123779,1.524644374847412,0.003562331199645996,894.5949096679688,0.040571413934230804,0.4017811715602875
2400,1,3686400,6.52649450302124,1.5236339569091797,0.0,682.999755859375,0.04476135969161987,0.3871919810771942
2450,1,3763200,6.356416702270508,1.5587377548217773,0.0,576.1780395507812,0.03516696020960808,0.38367950916290283
2500,1,3840000,6.540744781494141,1.5608080625534058,0.0,692.8023681640625,0.023980608209967613,0.3926379084587097
2550,1,3916800,5.774311065673828,1.5067777633666992,0.0,321.9225769042969,0.03633224591612816,0.3919467329978943
2600,1,3993600,6.182558536529541,1.5590249300003052,0.0,484.2292785644531,0.027005016803741455,0.38745927810668945
2650,1,4070400,6.434401035308838,1.5279837846755981,0.0,622.9093627929688,0.03593980893492699,0.38483917713165283
2700,1,4147200,6.2774176597595215,1.5094329118728638,0.0,532.4119873046875,0.020340951159596443,0.37747734785079956
2750,1,4224000,6.5142502784729,1.534895420074463,0.0,674.68798828125,0.018076185137033463,0.38379383087158203
2800,1,4300800,6.470472812652588,1.4910528659820557,0.02073115110397339,645.7890014648438,0.010747347958385944,0.41036558151245117
2850,1,4377600,6.640702724456787,1.529911756515503,0.0,765.6328125,0.025340089574456215,0.3891410529613495
2900,1,4454400,6.063438415527344,1.486121416091919,0.0,429.85089111328125,0.026769140735268593,0.39525261521339417
2950,1,4531200,6.399030685424805,1.5340622663497925,0.0,601.261962890625,0.02577454037964344,0.39718422293663025
3000,1,4608000,6.571145534515381,1.6208934783935547,0.0,714.1875,0.0349193774163723,0.39555421471595764
3050,1,4684800,6.215688228607178,1.5067857503890991,0.0,500.54034423828125,0.021089723333716393,0.3906850814819336
3100,1,4761600,6.372279644012451,1.5084397792816162,0.048838794231414795,585.3907470703125,0.0317486934363842,0.4244194030761719
3150,1,4838400,6.328361988067627,1.4585767984390259,0.0,560.2381591796875,0.02870573103427887,0.38610899448394775
3200,1,4915200,6.564187526702881,1.4530115127563477,0.0,709.2354736328125,0.04389916732907295,0.39516231417655945
3250,1,4992000,6.159677505493164,1.501638412475586,0.0,473.2754211425781,0.04090147465467453,0.3966830372810364
3300,1,5068800,6.347265720367432,1.4962990283966064,0.0,570.9295043945312,0.03126286715269089,0.3958112299442291
3350,1,5145600,6.292463779449463,1.4785414934158325,0.0,540.4833374023438,0.03950420022010803,0.39580604434013367
3400,1,5222400,6.2530694007873535,1.4758721590042114,0.026798546314239502,519.605224609375,0.028481056913733482,0.41339927911758423
3450,1,5299200,6.068380832672119,1.4447606801986694,0.0017414093017578125,431.98065185546875,0.0319507010281086,0.4008707106113434
3500,1,5376000,6.157108783721924,1.4101393222808838,0.0,472.0612487792969,0.012883476912975311,0.3764285147190094
3550,1,5452800,6.063749313354492,1.4226491451263428,0.0,429.98455810546875,0.016765763983130455,0.39177390933036804
3600,1,5529600,6.213735103607178,1.4296239614486694,0.0,499.5636901855469,0.01703498698771,0.393598735332489
3650,1,5606400,6.333507537841797,1.4628682136535645,0.0,563.1282958984375,0.019591541960835457,0.3849409520626068
3700,1,5683200,5.480926990509033,1.5001556873321533,0.0,240.06915283203125,0.004200559109449387,0.3892733156681061
3750,1,5760000,6.40942907333374,1.4778411388397217,0.0,607.5466918945312,0.01215954776853323,0.3641374409198761
3800,1,5836800,5.896173000335693,1.4309518337249756,0.0,363.64312744140625,0.010291919112205505,0.3844284117221832
3850,1,5913600,6.464304447174072,1.421831488609314,0.0,641.8178100585938,0.004356989171355963,0.38723117113113403
3900,1,5990400,6.295377731323242,1.4318828582763672,0.0,542.0606079101562,0.018054824322462082,0.3922974765300751
3950,1,6067200,6.142897129058838,1.4175829887390137,0.0028183460235595703,465.39996337890625,0.011970610357820988,0.40140917897224426
4000,1,6144000,6.236125469207764,1.4018253087997437,0.0,510.8752746582031,0.019834445789456367,0.39435282349586487
4050,1,6220800,6.0711822509765625,1.391223430633545,0.012484610080718994,433.1925354003906,0.024476615712046623,0.406242311000824
4100,1,6297600,6.11513090133667,1.3852226734161377,0.0,452.6552734375,0.008045230060815811,0.38570281863212585
4150,1,6374400,6.018585205078125,1.4119515419006348,0.0,410.9967346191406,0.019139038398861885,0.38995686173439026
4200,1,6451200,6.300205230712891,1.4229093790054321,0.0,544.6837158203125,0.025067122653126717,0.3709627687931061
4250,1,6528000,5.9800639152526855,1.3918848037719727,0.0,395.46563720703125,0.0058611719869077206,0.3946051597595215
4300,1,6604800,5.949026584625244,1.3560243844985962,0.03488624095916748,383.3799743652344,0.0004790326056536287,0.4174431264400482
4350,1,6681600,5.990018844604492,1.3768703937530518,0.0,399.4221496582031,0.004510968923568726,0.3719850778579712
4400,1,6758400,6.211232662200928,1.3649513721466064,0.0,498.3150939941406,0.01860879175364971,0.39145293831825256
4450,1,6835200,5.839571475982666,1.4019484519958496,0.0,343.6320495605469,0.011384972371160984,0.3915308117866516
4500,1,6912000,6.044233322143555,1.347853422164917,0.0,421.6743469238281,0.02087649144232273,0.37880101799964905
4550,1,6988800,6.17501974105835,1.3734962940216064,0.0,480.5924987792969,0.002684706123545766,0.3858782649040222
4600,1,7065600,5.983632564544678,1.3335840702056885,0.0,396.87945556640625,-0.011671267449855804,0.3968915045261383
4650,1,7142400,6.091837406158447,1.3754615783691406,0.0,442.2332458496094,-0.011306996457278728,0.3956870436668396
4700,1,7219200,5.763612270355225,1.3777776956558228,0.0,318.4967346191406,-0.02011190913617611,0.3960425555706024
4750,1,7296000,5.82672119140625,1.3352642059326172,0.0,339.2445373535156,-0.011936654336750507,0.38897940516471863
4800,1,7372800,6.1604461669921875,1.29395592212677,0.0,473.6393737792969,-0.0037253822665661573,0.3878040313720703
4850,1,7449600,5.927040100097656,1.3231942653656006,0.0,375.04278564453125,0.008921507745981216,0.3865511119365692
4900,1,7526400,6.217077732086182,1.2899868488311768,0.0,501.2363586425781,0.012387552298605442,0.3708418905735016
4950,1,7603200,6.317481517791748,1.3609524965286255,0.0683971643447876,554.175537109375,0.027364864945411682,0.4341985881328583
5000,1,7680000,5.822065353393555,1.3671728372573853,0.06693392992019653,337.6687316894531,0.012428873218595982,0.43346697092056274
5050,1,7756800,5.719436168670654,1.3164825439453125,0.004485011100769043,304.7330627441406,0.013048618100583553,0.402242511510849
5100,1,7833600,6.119555950164795,1.3554205894470215,0.0,454.6627502441406,-0.010407422669231892,0.38349178433418274
5150,1,7910400,5.212106227874756,1.2861512899398804,0.0,183.4801025390625,-0.024535806849598885,0.3827536702156067
5200,1,7987200,6.3010711669921875,1.3010382652282715,0.0,545.1555786132812,0.000279638305073604,0.38708481192588806
5250,1,8064000,5.8421502113342285,1.3538609743118286,0.0,344.51934814453125,0.00717155821621418,0.3894413411617279
5300,1,8140800,5.962301731109619,1.2665120363235474,0.0,388.5033264160156,0.002886516973376274,0.3967268168926239
5350,1,8217600,6.096227169036865,1.3090096712112427,0.0,444.17877197265625,0.013480350375175476,0.37009185552597046
5400,1,8294400,5.883019924163818,1.2612532377243042,0.0,358.89141845703125,0.015171215869486332,0.37445059418678284
5450,1,8371200,6.101046085357666,1.2590183019638062,0.0,446.3244323730469,0.011261011473834515,0.376321941614151
5500,1,8448000,5.999903202056885,1.2581868171691895,0.0,403.3897399902344,-0.009848152287304401,0.38444340229034424
5550,1,8524800,6.133949279785156,1.3404349088668823,0.0,461.2541809082031,-0.01007196307182312,0.390630841255188
5600,1,8601600,6.4250874519348145,1.2540383338928223,0.015759646892547607,617.134765625,-0.010637630708515644,0.4078798294067383
5650,1,8678400,5.927398204803467,1.3082005977630615,0.0,375.1771240234375,-0.0016454184660688043,0.39918872714042664
5700,1,8755200,5.779655933380127,1.2341198921203613,0.009895801544189453,323.6478271484375,-0.005600057542324066,0.4049479067325592
5750,1,8832000,5.915214538574219,1.2470238208770752,0.0,370.6338195800781,-0.0047049373388290405,0.37928149104118347
5800,1,8908800,5.985483169555664,1.2479150295257568,0.02738046646118164,397.6145935058594,-0.002637800993397832,0.4136902391910553
5850,1,8985600,5.897706508636475,1.2640676498413086,0.0,364.20123291015625,-0.015035857446491718,0.3811701536178589
5900,1,9062400,6.1360650062561035,1.2328177690505981,0.015229225158691406,462.2311096191406,-0.008434689603745937,0.4076146185398102
5950,1,9139200,6.048219203948975,1.2547608613967896,0.0,423.3584289550781,-0.007151667028665543,0.39255109429359436
6000,1,9216000,6.003401279449463,1.258662462234497,0.00816035270690918,404.8033142089844,-0.0019372018286958337,0.40408018231391907
6050,1,9292800,6.891761779785156,1.3028862476348877,0.1364157795906067,984.1337280273438,0.00029629594064317644,0.4682078957557678
6100,1,9369600,6.018993377685547,1.3000812530517578,0.0,411.16448974609375,0.027779826894402504,0.38303884863853455
6150,1,9446400,5.706446170806885,1.3107668161392212,0.006381511688232422,300.8001708984375,0.027344822883605957,0.4031907618045807
6200,1,9523200,6.241124629974365,1.225584626197815,0.0,513.4356079101562,0.023492371663451195,0.38408398628234863
6250,1,9600000,5.8565497398376465,1.245046854019165,0.013561666011810303,349.5161437988281,0.01706232875585556,0.40678083896636963
6300,1,9676800,6.004480838775635,1.2605541944503784,0.0,405.2405700683594,0.010455465875566006,0.38803020119667053
6350,1,9753600,6.107833385467529,1.2252535820007324,0.014337539672851562,449.3640441894531,0.00599308917298913,0.40716877579689026
6400,1,9830400,5.891704559326172,1.1997201442718506,0.0,362.0218200683594,0.004033315926790237,0.38882678747177124
6450,1,9907200,5.919549465179443,1.2093942165374756,0.0,372.24395751953125,-0.006189232692122459,0.3941996991634369
6500,1,9984000,6.32603645324707,1.3480879068374634,0.023819327354431152,558.9368286132812,-0.010271049104630947,0.41190966963768005
6550,1,10060800,6.163339138031006,1.2167645692825317,0.016249120235443115,475.0115661621094,0.014470773749053478,0.40812456607818604
6600,1,10137600,5.99518346786499,1.2429161071777344,0.0,401.4903259277344,0.011789568699896336,0.37894096970558167
6650,1,10214400,5.7649383544921875,1.2777798175811768,0.015709400177001953,318.91937255859375,-0.004956143442541361,0.40785470604896545
6700,1,10291200,5.929229259490967,1.223080039024353,0.0018075108528137207,375.8647155761719,0.0002800505608320236,0.40090376138687134
6750,1,10368000,5.851001262664795,1.2236595153808594,0.0,347.5822448730469,-0.021503472700715065,0.3942995071411133
6800,1,10444800,5.8975138664245605,1.1542900800704956,0.007861971855163574,364.1310729980469,-0.005074009299278259,0.40393099188804626
6850,1,10521600,5.7178215980529785,1.193573236465454,0.034563660621643066,304.241455078125,-0.013464738614857197,0.417281836271286
6900,1,10598400,5.470194339752197,1.1270527839660645,0.0,237.50634765625,0.005107570439577103,0.3858526051044464
6950,1,10675200,5.937180995941162,1.2050981521606445,0.0,378.8653869628906,0.016462048515677452,0.37325504422187805
7000,1,10752000,5.723838806152344,1.2231124639511108,0.0,306.07763671875,0.014881622977554798,0.3923299014568329
7050,1,10828800,5.823805332183838,1.1134434938430786,0.04106718301773071,338.2568054199219,0.0018025661120191216,0.42053359746932983
7100,1,10905600,6.063737392425537,1.1449735164642334,0.0,429.9794616699219,0.012535766698420048,0.39884525537490845
7150,1,10982400,6.286571502685547,1.1746116876602173,0.0,537.3079833984375,0.011119123548269272,0.3922274112701416
7200,1,11059200,6.172402858734131,1.143657922744751,0.0,479.33648681640625,0.008995230309665203,0.38296666741371155
7250,1,11136000,5.666201114654541,1.2149784564971924,0.0,288.934814453125,0.003577331779524684,0.3920783996582031
7300,1,11212800,6.22116231918335,1.292697548866272,0.0,503.2878723144531,0.022478392347693443,0.3940673768520355
7350,1,11289600,6.195969104766846,1.160515546798706,0.0,490.766845703125,0.038770951330661774,0.3815295100212097
7400,1,11366400,6.152421474456787,1.149503469467163,0.0,469.8537292480469,0.02163703180849552,0.3940970003604889
7450,1,11443200,5.940863132476807,1.1817505359649658,0.0,380.26300048828125,0.0029772918205708265,0.39518478512763977
7500,1,11520000,5.931107997894287,1.1271322965621948,0.01946181058883667,376.571533203125,-0.0034324515145272017,0.4097309112548828
7550,1,11596800,5.312624931335449,1.1745792627334595,0.010631859302520752,202.882080078125,0.008114274591207504,0.40531593561172485
7600,1,11673600,5.737219333648682,1.1291918754577637,0.0,310.2006530761719,0.02382015250623226,0.39939457178115845
7650,1,11750400,5.864631175994873,1.1099748611450195,0.0,352.3521728515625,0.005937023553997278,0.3625042140483856
7700,1,11827200,5.727560043334961,1.1117584705352783,0.0,307.21875,-0.0058508566580712795,0.3979865610599518
7750,1,11904000,5.93655252456665,1.1340150833129883,0.0,378.62738037109375,-0.010918691754341125,0.38848766684532166
7800,1,11980800,6.0867919921875,1.1126924753189087,0.0,440.0075988769531,0.012234434485435486,0.39185625314712524
7850,1,12057600,6.110650539398193,1.0855698585510254,0.0,450.63177490234375,-0.007744487375020981,0.39288130402565
7900,1,12134400,5.997997283935547,1.0886927843093872,0.006371915340423584,402.62164306640625,0.031845301389694214,0.40318596363067627
7950,1,12211200,5.929677963256836,1.1118991374969482,0.0,376.0334167480469,0.0009340029209852219,0.3938812017440796
8000,1,12288000,5.7030487060546875,1.1090162992477417,0.0,299.7799377441406,0.007468663156032562,0.36643338203430176
8050,1,12364800,6.4256768226623535,1.079819917678833,0.013527512550354004,617.4985961914062,0.00029730424284935,0.4067637622356415
8100,1,12441600,6.207084655761719,1.1402528285980225,0.1434236764907837,496.25238037109375,-0.0093211205676198,0.4717118442058563
8150,1,12518400,6.435914516448975,1.090378999710083,0.0139695405960083,623.8528442382812,0.006720239762216806,0.40698477625846863
8200,1,12595200,6.278951644897461,1.1135627031326294,0.012973546981811523,533.2293701171875,0.014606580138206482,0.40648677945137024
8250,1,12672000,5.827962398529053,1.062807321548462,0.0,339.6658630371094,0.0002050132752628997,0.39479556679725647
8300,1,12748800,6.12568998336792,1.1211943626403809,0.04106426239013672,457.4602355957031,0.02192028798162937,0.42053213715553284
8350,1,12825600,5.932781219482422,1.0493195056915283,0.0,377.2021484375,-0.0016128718852996826,0.39239928126335144
8400,1,12902400,6.007833957672119,1.0267308950424194,0.0,406.6016540527344,-0.004316274076700211,0.3985709547996521
8450,1,12979200,6.358335018157959,1.0852267742156982,0.0,577.284423828125,0.005077349487692118,0.39680927991867065
8500,1,13056000,5.775000095367432,1.0786027908325195,0.0,322.14447021484375,0.008398314006626606,0.3775095045566559
8550,1,13132800,5.864220142364502,1.0318461656570435,0.0,352.2073669433594,0.0029548543971031904,0.38446488976478577
8600,1,13209600,5.848625183105469,1.0380176305770874,0.0,346.75732421875,0.009756856597959995,0.3959663212299347
8650,1,13286400,6.14296293258667,1.0011639595031738,0.1203499436378479,465.4305725097656,-0.0026878584176301956,0.4601749777793884
8700,1,13363200,5.367319583892822,1.0515786409378052,0.0,214.2877197265625,0.020939961075782776,0.3971163332462311
8750,1,13440000,6.243104457855225,1.06892991065979,0.0,514.453125,0.029082318767905235,0.3988521695137024
8800,1,13516800,5.768679141998291,1.0117607116699219,0.0,320.1146545410156,0.00893020536750555,0.38928475975990295
8850,1,13593600,5.596479892730713,1.0137230157852173,0.0,269.47613525390625,0.00025561326765455306,0.37851613759994507
8900,1,13670400,5.967948913574219,1.0378754138946533,0.0,390.7034912109375,0.0003520101308822632,0.38664260506629944
8950,1,13747200,6.236305236816406,0.9924595952033997,0.0,510.9671325683594,0.004673474933952093,0.39497166872024536
9000,1,13824000,6.031236171722412,1.0221956968307495,0.0,416.229248046875,-0.006439027842134237,0.39604452252388
9050,1,13900800,5.29629373550415,0.9695435166358948,0.0,199.59568786621094,-0.00495315482839942,0.39246824383735657
9100,1,13977600,5.423595428466797,1.0001440048217773,0.0,226.69271850585938,0.0035988849122077227,0.36965838074684143
9150,1,14054400,6.175251007080078,0.9823565483093262,0.03317117691040039,480.70367431640625,-0.0028718176763504744,0.4165855944156647
9200,1,14131200,6.209850311279297,0.9923989772796631,0.0,497.62677001953125,0.0031176581978797913,0.3843417763710022
9250,1,14208000,5.988196849822998,1.0403765439987183,0.0,398.695068359375,0.0022042084019631147,0.39314863085746765
9300,1,14284800,6.42138147354126,0.9841631054878235,0.04218924045562744,614.8519287109375,0.003332144347950816,0.4210946261882782
9350,1,14361600,5.779018402099609,0.9628167152404785,0.0,323.4415283203125,-0.0094368951395154,0.388001024723053
9400,1,14438400,5.99606466293335,0.9796606302261353,0.0,401.84429931640625,-0.011268910951912403,0.3899250030517578
9450,1,14515200,6.048240661621094,1.010252594947815,0.04630863666534424,423.3675231933594,-0.01718924194574356,0.4231543242931366
9500,1,14592000,5.965784072875977,0.9681919813156128,0.0,389.8586120605469,-0.013735678046941757,0.3782428503036499
9550,1,14668800,6.032662868499756,0.9804823398590088,0.011055588722229004,416.823486328125,-0.01636888086795807,0.405527800321579
9600,1,14745600,5.742604732513428,0.9362766742706299,0.0,311.8757019042969,-0.028758129104971886,0.38799721002578735
9650,1,14822400,5.712881565093994,0.945496678352356,0.010853230953216553,302.7421875,-0.031570881605148315,0.40542662143707275
9700,1,14899200,6.230569362640381,0.9487578868865967,0.010573804378509521,508.0446472167969,-0.006204740609973669,0.40528690814971924
9750,1,14976000,6.544360637664795,0.9674209356307983,0.033524394035339355,695.31201171875,-0.017442934215068817,0.41676220297813416
9800,1,15052800,5.914188385009766,0.965920090675354,0.0,370.2536926269531,0.0025639112573117018,0.39526674151420593
9850,1,15129600,5.897336483001709,0.9358046650886536,0.0,364.0664978027344,-0.007735451217740774,0.39164772629737854
9900,1,15206400,5.874736785888672,0.9573242664337158,0.0050629377365112305,355.93096923828125,0.03687594458460808,0.4025314748287201
9950,1,15283200,5.742811679840088,0.9046568870544434,0.0,311.94024658203125,0.012426342815160751,0.3924984037876129
10000,1,15360000,5.582309246063232,0.9121403098106384,0.04533648490905762,265.6844177246094,0.039572324603796005,0.4226682484149933
10050,1,15436800,6.242938995361328,0.9459350109100342,0.0,514.3680419921875,0.03473365679383278,0.39262157678604126
10100,1,15513600,6.220432281494141,0.9608282446861267,0.007607221603393555,502.92059326171875,0.03412087634205818,0.40380361676216125
10150,1,15590400,5.93235969543457,0.9206977486610413,0.0,377.0431823730469,0.040084440261125565,0.39998283982276917
10200,1,15667200,6.170905590057373,0.9106847047805786,0.0051119327545166016,478.6193542480469,0.024134015664458275,0.4025559723377228
10250,1,15744000,5.672062397003174,0.9283028841018677,0.0,290.63330078125,-0.002849910408258438,0.38360923528671265
10300,1,15820800,5.637878894805908,0.8812873363494873,0.0,280.8663330078125,0.007621781434863806,0.38865962624549866
10350,1,15897600,5.92564058303833,0.9428107738494873,0.009122610092163086,374.5182800292969,-0.019236063584685326,0.404561311006546
10400,1,15974400,5.862781524658203,0.9052244424819946,0.0,351.7010498046875,-0.018126381561160088,0.399821937084198
10450,1,16051200,5.912911891937256,0.8997317552566528,0.0,369.7813720703125,-0.0053528896532952785,0.38254737854003906
10500,1,16128000,5.801912784576416,0.9218957424163818,0.0,330.9319763183594,0.0009933648398146033,0.3960784673690796
10550,1,16204800,5.768880367279053,0.8796793222427368,0.0,320.1790466308594,0.002419404685497284,0.39906322956085205
10600,1,16281600,5.735908508300781,0.9260429739952087,0.0,309.7943115234375,0.016289621591567993,0.39111006259918213
10650,1,16358400,6.080325603485107,0.8997902870178223,0.021635234355926514,437.1715393066406,-0.0015827541938051581,0.41081762313842773
10700,1,16435200,6.178031921386719,0.8870519399642944,0.012028753757476807,482.0423278808594,-0.008776509203016758,0.4060143828392029
10750,1,16512000,5.734105587005615,0.8845716714859009,0.023317456245422363,309.2362365722656,-0.0031752102077007294,0.41165873408317566
10800,1,16588800,6.068170070648193,0.8939990401268005,0.02563011646270752,431.8896484375,-0.006834847386926413,0.41281506419181824
10850,1,16665600,6.021067142486572,0.8894795775413513,0.0,412.01806640625,-0.004813545849174261,0.36960893869400024
10900,1,16742400,5.608808994293213,0.8900691270828247,0.0,272.8191223144531,-0.0004863204958382994,0.396979957818985
10950,1,16819200,5.766774654388428,0.8973854184150696,0.03898417949676514,319.50555419921875,0.005452676210552454,0.41949209570884705
11000,1,16896000,5.9235100746154785,0.8779486417770386,0.0014136433601379395,373.72119140625,0.004136273171752691,0.40070682764053345
11050,1,16972800,6.009956359863281,0.9010787010192871,0.044371843338012695,407.4655456542969,-0.00883940327912569,0.4221859276294708
11100,1,17049600,5.989788055419922,0.8922770023345947,0.010228633880615234,399.3299865722656,3.9730221033096313e-05,0.4051143229007721
11150,1,17126400,6.089452743530273,0.8680381178855896,0.0,441.1799011230469,0.026507282629609108,0.3828372359275818
11200,1,17203200,6.0910162925720215,0.8861610889434814,0.016556084156036377,441.8702392578125,-0.003149287076666951,0.40827804803848267
11250,1,17280000,5.8244500160217285,0.8627626895904541,0.0,338.4749450683594,-0.018477346748113632,0.3816188871860504
11300,1,17356800,5.637844085693359,0.8401476740837097,0.001941978931427002,280.8565673828125,-0.007606124971061945,0.400970995426178
11350,1,17433600,5.936503887176514,0.8497123718261719,0.009234488010406494,378.60894775390625,-0.00980266835540533,0.4046172499656677
11400,1,17510400,5.59999418258667,0.8464953899383545,0.04853731393814087,270.4248352050781,-0.018387338146567345,0.4242686629295349
11450,1,17587200,5.9712371826171875,0.8463191986083984,0.0,391.9903259277344,-0.0186492670327425,0.3776976466178894
11500,1,17664000,6.150106430053711,0.8308543562889099,0.0,468.76727294921875,0.002923606662079692,0.37348631024360657
11550,1,17740800,5.774838924407959,0.8513243198394775,0.0,322.0925598144531,-0.01072725560516119,0.3996029794216156
11600,1,17817600,6.076906204223633,0.8263424634933472,0.003373563289642334,435.67919921875,-0.0024353961925953627,0.40168678760528564
11650,1,17894400,5.46022367477417,0.8337903022766113,0.02596193552017212,235.15000915527344,-0.004294846206903458,0.41298097372055054
11700,1,17971200,5.762793064117432,0.8454015851020813,0.022441744804382324,318.2359313964844,0.00036135935806669295,0.41122087836265564
11750,1,18048000,6.166126251220703,0.8749862909317017,0.011578083038330078,476.3373107910156,-0.011074204929172993,0.4057890474796295
11800,1,18124800,5.770697116851807,0.858532190322876,0.005297660827636719,320.76129150390625,-0.010614368133246899,0.40264883637428284
11850,1,18201600,5.822056293487549,0.8257372379302979,0.0,337.66571044921875,-0.0038740113377571106,0.3891056776046753
11900,1,18278400,5.765467166900635,0.8201411366462708,0.0,319.08807373046875,0.014180139638483524,0.391861230134964
11950,1,18355200,5.991929531097412,0.8240820169448853,0.0,400.1860046386719,0.0038509133737534285,0.38659361004829407
12000,1,18432000,6.119767665863037,0.8152361512184143,0.018899261951446533,454.759033203125,0.007629191968590021,0.40944963693618774
12050,1,18508800,5.61745023727417,0.8068386316299438,0.0,275.18682861328125,0.006193964276462793,0.39585354924201965
12100,1,18585600,5.655263423919678,0.8400881290435791,0.0,285.791748046875,-0.001227743923664093,0.3805736005306244
12150,1,18662400,5.649534702301025,0.8205227851867676,0.0,284.1592102050781,-0.018677180632948875,0.3969460129737854
12200,1,18739200,5.958249568939209,0.8157179951667786,0.0,386.9322509765625,-0.020301485434174538,0.37328603863716125
12250,1,18816000,5.684518337249756,0.7987085580825806,0.0,294.27606201171875,-0.025313125923275948,0.38194456696510315
12300,1,18892800,5.614902019500732,0.8204793930053711,0.005290508270263672,274.4864807128906,-0.031185267493128777,0.4026452600955963
12350,1,18969600,5.896308898925781,0.7941514849662781,0.009527504444122314,363.69256591796875,-0.01805654540657997,0.40476375818252563
12400,1,19046400,6.118105411529541,0.8042757511138916,0.022562682628631592,454.00372314453125,-0.026642246171832085,0.4112813472747803
12450,1,19123200,5.4726881980896,0.8047647476196289,0.0,238.09938049316406,-0.02190207876265049,0.3967263102531433
12500,1,19200000,5.59586763381958,0.8205592036247253,0.0,269.3111877441406,-0.022521698847413063,0.3824400007724762
12550,1,19276800,5.76759672164917,0.7935131192207336,0.0,319.768310546875,-0.001161376596428454,0.3739275336265564
12600,1,19353600,6.02416467666626,0.7808214426040649,0.0,413.2962646484375,0.005226260516792536,0.3798483908176422
12650,1,19430400,5.86389684677124,0.7714675068855286,0.01063692569732666,352.0935363769531,-0.01304867584258318,0.4053184688091278
12700,1,19507200,5.49169921875,0.7941381931304932,0.0,242.66921997070312,-0.016145864501595497,0.3785572052001953
12750,1,19584000,6.002902984619141,0.7686381936073303,0.00243222713470459,404.6016540527344,-0.009886031039059162,0.4012161195278168
12800,1,19660800,5.65286111831665,0.7914255261421204,0.0,285.10601806640625,0.015416937880218029,0.38308805227279663
12850,1,19737600,5.892341613769531,0.7768614292144775,0.0,362.2525329589844,0.003743426175788045,0.389017790555954
12900,1,19814400,6.191183090209961,0.7677518129348755,0.006712138652801514,488.4236145019531,0.00486963102594018,0.40335607528686523
12950,1,19891200,5.803678035736084,0.7706165909767151,0.0,331.5166320800781,0.019706225022673607,0.3847145736217499
13000,1,19968000,5.5883331298828125,0.7552372217178345,0.0,267.2897033691406,-0.011463016271591187,0.3922388553619385
13050,1,20044800,6.009670257568359,0.8137521743774414,0.008656978607177734,407.3489685058594,0.0005861545796506107,0.40432849526405334
13100,1,20121600,5.364437580108643,0.7684619426727295,0.0,213.6710205078125,-0.014965477399528027,0.3813076615333557
13150,1,20198400,5.734156131744385,0.7937712669372559,0.0,309.25189208984375,-0.01578448712825775,0.3904173672199249
13200,1,20275200,5.73346471786499,0.7547721862792969,0.0,309.03814697265625,0.011453895829617977,0.39840808510780334
13250,1,20352000,5.87356424331665,0.769809901714325,0.0,355.51385498046875,-0.01255451887845993,0.37428125739097595
13300,1,20428800,5.9942169189453125,0.777004063129425,0.0,401.10247802734375,0.012712384574115276,0.38442692160606384
13350,1,20505600,5.885348796844482,0.7771697044372559,0.010838985443115234,359.72821044921875,-0.0013559808721765876,0.4054194986820221
13400,1,20582400,5.71941614151001,0.7556765675544739,0.005938470363616943,304.7269592285156,0.005132244434207678,0.40296924114227295
13450,1,20659200,5.9456257820129395,0.8397884368896484,0.0,382.0783996582031,0.001813335926271975,0.37079375982284546
13500,1,20736000,6.020928859710693,0.7622235417366028,0.0460505485534668,411.9610900878906,0.01708116941154003,0.4230252802371979
13550,1,20812800,5.688837051391602,0.7467129230499268,0.025463998317718506,295.5497131347656,-0.0054459646344184875,0.41273200511932373
13600,1,20889600,5.39015531539917,0.7737537026405334,0.0,219.23744201660156,-0.011292894370853901,0.39348894357681274
13650,1,20966400,6.325193881988525,0.7516351342201233,0.06440764665603638,558.4661254882812,-0.034463442862033844,0.43220382928848267
13700,1,21043200,5.5246500968933105,0.7263939380645752,0.0,250.79856872558594,-0.015037260949611664,0.3774375021457672
13750,1,21120000,5.959558963775635,0.8102982044219971,0.0,387.439208984375,0.0005866698920726776,0.3905175030231476
13800,1,21196800,5.926359176635742,0.7286140322685242,0.0,374.7875061035156,-0.017904331907629967,0.3825230300426483
13850,1,21273600,5.6071038246154785,0.7436670064926147,0.0,272.35430908203125,-0.018358133733272552,0.3944553732872009
13900,1,21350400,5.103305339813232,0.7250156998634338,0.0,164.56495666503906,-0.006930110510438681,0.3969643712043762
13950,1,21427200,5.989225387573242,0.7364271283149719,0.0,399.1053466796875,-0.017736224457621574,0.39827653765678406
14000,1,21504000,5.769842147827148,0.7386219501495361,0.011552274227142334,320.4871520996094,-0.018650855869054794,0.40577614307403564
14050,1,21580800,5.659982204437256,0.7802066802978516,0.0,287.1435241699219,-0.033747363835573196,0.3967675268650055
14100,1,21657600,5.717265605926514,0.9905753135681152,0.012277662754058838,304.07232666015625,-0.03690573200583458,0.4061388373374939
14150,1,21734400,5.921243190765381,0.7600146532058716,0.024291634559631348,372.875,-0.022515112534165382,0.41214582324028015
14200,1,21811200,5.767289638519287,0.739682674407959,0.01013094186782837,319.6701354980469,-0.007411578204482794,0.40506547689437866
14250,1,21888000,5.593479633331299,0.7197579145431519,0.0,268.6688537597656,-0.027823859825730324,0.3836123049259186
14300,1,21964800,5.558582305908203,0.7072877883911133,0.0,259.4547424316406,-0.00782706681638956,0.3739161491394043
14350,1,22041600,5.8073554039001465,0.7410012483596802,0.0,332.7380065917969,-0.027829041704535484,0.390203058719635
14400,1,22118400,5.794973850250244,0.7057209610939026,0.0035588741302490234,328.64361572265625,-0.021497227251529694,0.401779443025589
14450,1,22195200,5.896054744720459,0.7155144810676575,0.0,363.6001281738281,-0.029109014198184013,0.3947666585445404
14500,1,22272000,6.2898430824279785,0.7060011625289917,0.02322334051132202,539.0687255859375,0.018333179876208305,0.4116116762161255
14550,1,22348800,5.8219313621521,0.7312381267547607,0.002718508243560791,337.6235046386719,-0.004326296970248222,0.4013592600822449
14600,1,22425600,5.909503936767578,0.7250596284866333,0.0,368.5233154296875,-0.018877388909459114,0.3898555338382721
14650,1,22502400,5.82183837890625,0.7011435031890869,0.0,337.5921325683594,-0.031077725812792778,0.39642611145973206
14700,1,22579200,5.468458652496338,0.7084096670150757,0.0,237.09446716308594,-0.0004426663217600435,0.36857858300209045
14750,1,22656000,5.852985382080078,0.7033175230026245,0.0,348.2725524902344,-0.0008640873129479587,0.3973206579685211
14800,1,22732800,5.740741729736328,0.700934886932373,0.0,311.2951965332031,-0.01929090917110443,0.3804565370082855
14850,1,22809600,5.83576774597168,0.6972542405128479,0.017373204231262207,342.32745361328125,-0.027455568313598633,0.4086866080760956
14900,1,22886400,5.974733352661133,0.744320809841156,0.014496564865112305,393.36322021484375,-0.015070733614265919,0.40724828839302063
14950,1,22963200,5.8162360191345215,0.7015964388847351,0.0,335.7060852050781,-0.01809716783463955,0.38901287317276
15000,1,23040000,5.625598907470703,0.7349892258644104,0.0,277.4383850097656,0.02868165820837021,0.3659721910953522
15050,1,23116800,5.865650177001953,0.7270433902740479,0.0,352.71142578125,-0.007969898171722889,0.3996240198612213
15100,1,23193600,5.8322930335998535,0.6822179555892944,0.0,341.1400451660156,0.015892310068011284,0.38121864199638367
15150,1,23270400,5.772668361663818,0.6903732419013977,0.0,321.3941955566406,-0.0010179542005062103,0.3986598253250122
15200,1,23347200,5.953126430511475,0.7209160327911377,0.0,384.9549865722656,-0.008356824517250061,0.38283202052116394
15250,1,23424000,6.366733551025391,0.6893628239631653,0.07151633501052856,582.1531372070312,0.017934417352080345,0.43575817346572876
15300,1,23500800,5.935043811798096,0.6830962896347046,0.015332698822021484,378.05657958984375,0.021418265998363495,0.4076663553714752
15350,1,23577600,5.659204006195068,0.6944761276245117,0.0,286.920166015625,0.001010950654745102,0.39926210045814514
15400,1,23654400,5.549747467041016,0.7190043926239014,0.0,257.172607421875,0.018864240497350693,0.38263240456581116
15450,1,23731200,5.768155574798584,0.687484860420227,0.0027317404747009277,319.9470520019531,0.010212994180619717,0.40136587619781494
15500,1,23808000,4.913109302520752,0.6803131699562073,0.0,136.0618133544922,0.029880404472351074,0.3892558217048645
15550,1,23884800,5.887425899505615,0.7064664959907532,0.0,360.4761962890625,0.022458381950855255,0.3988964855670929
15600,1,23961600,5.912649631500244,0.6728382706642151,0.00856328010559082,369.68438720703125,0.020496061071753502,0.4042816460132599
15650,1,24038400,6.229329586029053,0.6753939986228943,0.0,507.4151916503906,0.023630550131201744,0.3997509777545929
15700,1,24115200,5.670356750488281,0.6667388677597046,0.0,290.1380310058594,0.003191974014043808,0.3789130747318268
15750,1,24192000,5.805604457855225,0.679308295249939,0.0,332.1558837890625,0.012639139778912067,0.38909968733787537
15800,1,24268800,5.409951686859131,0.6902420520782471,0.0,223.62078857421875,0.003745095105841756,0.39086243510246277
15850,1,24345600,5.71918249130249,0.6686998009681702,0.0,304.65576171875,0.014910846948623657,0.39948099851608276
15900,1,24422400,5.554568767547607,0.7146837115287781,0.0,258.4154968261719,-0.015268541872501373,0.3878118395805359
15950,1,24499200,5.501430988311768,0.7080937623977661,0.0,245.04232788085938,-0.0007784441113471985,0.3916884660720825
16000,1,24576000,6.1027679443359375,0.6890551447868347,0.0,447.0935974121094,0.01516189519315958,0.3896811306476593
16050,1,24652800,5.732740879058838,0.6511149406433105,0.0009624361991882324,308.81451416015625,-0.005463869776576757,0.4004812240600586
16100,1,24729600,6.139928340911865,0.6821309328079224,0.043575167655944824,464.02032470703125,-0.005565977189689875,0.4217875897884369
16150,1,24806400,5.982976913452148,0.6635452508926392,0.0,396.61932373046875,0.01265956461429596,0.3940352499485016
16200,1,24883200,5.80419397354126,0.6949145793914795,0.018832921981811523,331.687744140625,-0.02285708673298359,0.40941646695137024
16250,1,24960000,5.2537970542907715,0.6432270407676697,0.0006516575813293457,191.29122924804688,0.005349690560251474,0.40032583475112915
16300,1,25036800,5.412577152252197,0.6488416194915771,0.011344432830810547,224.2086639404297,-0.004383622203022242,0.40567222237586975
16350,1,25113600,5.800930023193359,0.6525256037712097,0.0,330.6069030761719,0.006445361766964197,0.39918816089630127
16400,1,25190400,5.804100036621094,0.6878925561904907,0.015130996704101562,331.6565856933594,-0.013066706247627735,0.40756550431251526
16450,1,25267200,5.694000244140625,0.6764199137687683,0.11272090673446655,297.0796203613281,0.025350378826260567,0.45636045932769775
16500,1,25344000,5.464025020599365,0.6288233399391174,0.0,236.0456085205078,-0.025960594415664673,0.3877798914909363
16550,1,25420800,5.682725429534912,0.6541881561279297,0.0,293.7489318847656,-0.017752692103385925,0.39615559577941895
16600,1,25497600,5.652261257171631,0.640906810760498,0.0,284.93505859375,0.01557160634547472,0.3962630331516266
16650,1,25574400,5.643657684326172,0.6497013568878174,0.019696712493896484,282.4941101074219,-0.03514537960290909,0.4098483622074127
16700,1,25651200,5.651386737823486,0.6923472881317139,0.026541292667388916,284.68597412109375,-0.015515071339905262,0.41327065229415894
16750,1,25728000,6.324682712554932,0.6600455641746521,0.06679868698120117,558.1806640625,-0.027036478742957115,0.43339934945106506
16800,1,25804800,5.379611492156982,0.6733428835868835,0.034740567207336426,216.93797302246094,-0.007070900406688452,0.4173702895641327
16850,1,25881600,5.793033599853516,0.7213477492332458,0.0462338924407959,328.0065612792969,0.009187868796288967,0.4231169521808624
16900,1,25958400,4.371129512786865,0.6472999453544617,0.0,79.13296508789062,0.011659394018352032,0.39946773648262024
16950,1,26035200,5.583032608032227,0.6778538823127747,0.0,265.8766784667969,0.033705778419971466,0.3864724934101105
17000,1,26112000,5.757205486297607,0.6649811267852783,0.0,316.4627380371094,-0.01583910547196865,0.3930478096008301
17050,1,26188800,5.90867280960083,0.6321532726287842,0.0,368.2171630859375,-0.0016640486428514123,0.38587844371795654
17100,1,26265600,5.105902194976807,0.6351519227027893,0.0,164.99285888671875,0.026449033990502357,0.39614927768707275
17150,1,26342400,6.052587032318115,0.6489245295524597,0.0,425.211669921875,-0.012357457540929317,0.3813225328922272
17200,1,26419200,5.848167419433594,0.6183919906616211,0.0,346.5986328125,-0.020974980667233467,0.3860584795475006
17250,1,26496000,5.7596659660339355,0.6306172609329224,0.04052501916885376,317.2423400878906,-0.007166871335357428,0.42026251554489136
17300,1,26572800,5.825856685638428,0.6930539011955261,0.0,338.9513854980469,0.02072954922914505,0.3884650766849518
17350,1,26649600,6.232112884521484,0.6472208499908447,0.007996737957000732,508.8294372558594,0.0023357581812888384,0.40399837493896484
17400,1,26726400,6.129562854766846,0.6400452852249146,0.10376155376434326,459.2353820800781,0.009203455410897732,0.4518807828426361
17450,1,26803200,5.8952555656433105,0.6414029598236084,0.0,363.3096618652344,0.0024942047894001007,0.39201366901397705
17500,1,26880000,5.91637659072876,0.659803032875061,0.0,371.06475830078125,0.029704442247748375,0.3890724778175354
17550,1,26956800,5.884072780609131,0.6817635297775269,0.0,359.2695007324219,0.005627443548291922,0.3951442539691925
17600,1,27033600,5.653707981109619,0.6660827398300171,0.08654218912124634,285.3475646972656,0.02931378036737442,0.44327110052108765
17650,1,27110400,5.789235591888428,0.6137012243270874,0.005398988723754883,326.7631530761719,0.00031539550400339067,0.4026995003223419
17700,1,27187200,6.030841827392578,0.6242918968200684,0.01723998785018921,416.0651550292969,0.00909183919429779,0.4086199998855591
17750,1,27264000,5.9859700202941895,0.6087595820426941,0.0,397.8082275390625,-0.001970941899344325,0.3939262926578522
17800,1,27340800,5.774909973144531,0.6106584072113037,0.005711078643798828,322.11541748046875,-0.022226646542549133,0.4028555452823639
17850,1,27417600,5.692820072174072,0.6786419749259949,0.006754398345947266,296.729248046875,-0.01610005646944046,0.4033772051334381
17900,1,27494400,5.674885272979736,0.6147879958152771,0.0,291.45489501953125,-0.000837886065710336,0.3932299017906189
17950,1,27571200,5.753883361816406,0.6799746155738831,0.0,315.41314697265625,-0.009810294024646282,0.3914916217327118
18000,1,27648000,5.4991774559021,0.6083731651306152,0.0,244.49075317382812,0.005696006119251251,0.3880310356616974
18050,1,27724800,5.7793354988098145,0.6056187152862549,0.0,323.54412841796875,0.03568052873015404,0.3817405104637146
18100,1,27801600,5.972017765045166,0.6024808883666992,0.0,392.29644775390625,0.07056257873773575,0.39041000604629517
18150,1,27878400,5.885349273681641,0.6457352042198181,0.0,359.7283935546875,0.03553095832467079,0.3858099579811096
18200,1,27955200,5.977187633514404,0.6515107154846191,0.0,394.3298034667969,0.056469377130270004,0.39090660214424133
18250,1,28032000,5.850870609283447,0.6178897619247437,0.0,347.53680419921875,0.022644219920039177,0.39219486713409424
18300,1,28108800,5.584676265716553,0.6016823053359985,0.0,266.3140563964844,-0.004205401986837387,0.3919111490249634
18350,1,28185600,5.9303765296936035,0.6836169958114624,0.005656898021697998,376.2961730957031,0.01088320929557085,0.4028284549713135
18400,1,28262400,5.518168926239014,0.6113519668579102,0.0,249.1783447265625,0.05570174381136894,0.3900916576385498
18450,1,28339200,5.742214679718018,0.6226427555084229,0.0,311.7540588378906,0.026827560737729073,0.38399606943130493
18500,1,28416000,5.7457594871521,0.6366015076637268,0.045883119106292725,312.86114501953125,0.01918020099401474,0.42294156551361084
18550,1,28492800,5.553882598876953,0.5891274213790894,0.0,258.2382507324219,-0.0053049190901219845,0.3841375410556793
18600,1,28569600,5.7830657958984375,0.5915852189064026,0.02180016040802002,324.7532958984375,-0.017366813495755196,0.4109000861644745
18650,1,28646400,5.948500156402588,0.6019594669342041,0.013783156871795654,383.1781921386719,0.042376965284347534,0.4068915843963623
18700,1,28723200,5.6514506340026855,0.5864850878715515,0.0,284.70416259765625,-0.007612036075443029,0.3909098207950592
18750,1,28800000,5.908733367919922,0.5951718091964722,0.03483390808105469,368.23944091796875,-0.00010862573981285095,0.4174169600009918
18800,1,28876800,5.6701340675354,0.5854301452636719,0.0,290.07342529296875,0.026780374348163605,0.3767791986465454
18850,1,28953600,5.760775089263916,0.6057210564613342,0.009265244007110596,317.5943908691406,0.006621188018471003,0.4046326279640198
18900,1,29030400,5.782044887542725,0.5972535610198975,0.011514484882354736,324.42193603515625,0.035307783633470535,0.40575724840164185
18950,1,29107200,5.7640557289123535,0.5864068269729614,0.0,318.63800048828125,-0.006416466552764177,0.3971772789955139
19000,1,29184000,5.819357395172119,0.5863707661628723,0.0,336.7555847167969,0.004035437013953924,0.3945271670818329
19050,1,29260800,5.108137607574463,0.6534237861633301,0.0,165.3621063232422,0.04302190616726875,0.39480721950531006
19100,1,29337600,5.897281646728516,0.6330999135971069,0.01066511869430542,364.0465087890625,0.03308822587132454,0.4053325653076172
19150,1,29414400,5.903022766113281,0.608830451965332,0.03992938995361328,366.142578125,0.09817466884851456,0.4199647009372711
19200,1,29491200,5.8857645988464355,0.608022153377533,0.0038844943046569824,359.8778381347656,0.030177084729075432,0.40194225311279297
19250,1,29568000,5.612569332122803,0.581981897354126,0.017627358436584473,273.846923828125,0.07575692981481552,0.4088136851787567
19300,1,29644800,5.129032611846924,0.5863548517227173,0.0,168.85369873046875,0.03953072801232338,0.39186790585517883
19350,1,29721600,5.800709247589111,0.6031395196914673,0.007902085781097412,330.5339050292969,0.025793204084038734,0.4039510488510132
19400,1,29798400,5.7635040283203125,0.5785341262817383,0.01346200704574585,318.4622497558594,0.020748471841216087,0.4067310094833374
19450,1,29875200,6.040113925933838,0.5750337243080139,0.02063882350921631,419.9408874511719,-0.007849649526178837,0.41031941771507263
19500,1,29952000,5.63640022277832,0.5713173747062683,0.0,280.4513244628906,0.06778889894485474,0.3936751186847687
19550,1,30028800,5.7776408195495605,0.6161272525787354,0.0,322.9963073730469,0.06638640910387039,0.39176875352859497
19600,1,30105600,5.80389404296875,0.5843908786773682,0.004765212535858154,331.5882873535156,0.009226415306329727,0.40238261222839355
19650,1,30182400,5.692643642425537,0.5839733481407166,0.0,296.6768798828125,-0.006207427475601435,0.39597755670547485
19700,1,30259200,5.620656490325928,0.5901497602462769,0.0,276.070556640625,0.035853076726198196,0.3759528696537018
19750,1,30336000,5.492594242095947,0.5610611438751221,0.0,242.88648986816406,0.028444500640034676,0.384212464094162
19800,1,30412800,5.838741779327393,0.5824011564254761,0.0,343.3470764160156,0.024806736037135124,0.38584065437316895
19850,1,30489600,5.62818717956543,0.5549561977386475,0.0,278.15740966796875,0.06516475230455399,0.39860111474990845
19900,1,30566400,5.75436544418335,0.5679231286048889,0.01895076036453247,315.5652160644531,0.01606760546565056,0.4094753861427307
19950,1,30643200,5.881099700927734,0.5804155468940735,0.0287819504737854,358.20294189453125,-0.004736531060189009,0.4143909811973572
20000,1,30720000,5.472080707550049,0.6013937592506409,0.063038170337677,237.9547882080078,0.008895226754248142,0.431519091129303
20050,1,30796800,5.6062750816345215,0.5668198466300964,0.017189323902130127,272.12872314453125,-0.016696447506546974,0.40859466791152954
20100,1,30873600,5.749131679534912,0.5917268991470337,0.01996135711669922,313.91796875,0.05244578793644905,0.4099806845188141
20150,1,30950400,5.592885494232178,0.5706998705863953,0.0,268.50927734375,0.034853313118219376,0.38684025406837463
20200,1,31027200,5.6726202964782715,0.6118438243865967,0.0,290.7955017089844,0.07268942147493362,0.3900300860404968
20250,1,31104000,6.149320125579834,0.5599109530448914,0.025584280490875244,468.3988342285156,0.0021632264833897352,0.4127921462059021
20300,1,31180800,5.5818634033203125,0.5975505709648132,0.0,265.56597900390625,0.048709411174058914,0.3933420777320862
20350,1,31257600,5.932450771331787,0.6202550530433655,0.0,377.0775146484375,-0.003708288772031665,0.3930765390396118
20400,1,31334400,5.837869167327881,0.5446938276290894,0.0,343.0475769042969,-0.004091866314411163,0.39537709951400757
20450,1,31411200,5.799482345581055,0.5812456607818604,0.018049538135528564,330.1286315917969,-0.048117443919181824,0.40902477502822876
20500,1,31488000,5.885664463043213,0.5912858247756958,0.03273952007293701,359.841796875,-0.017020417377352715,0.416369765996933
20550,1,31564800,5.296449661254883,0.5676490068435669,0.08008742332458496,199.62681579589844,0.0026701614260673523,0.44004371762275696
20600,1,31641600,5.872579097747803,0.5553893446922302,0.0,355.1637878417969,0.028282856568694115,0.3879677951335907
20650,1,31718400,6.020217418670654,0.5807566046714783,0.0,411.6680908203125,0.0018428340554237366,0.3916478753089905
20700,1,31795200,5.898995876312256,0.562435507774353,0.015183329582214355,364.6711120605469,0.0043203928507864475,0.40759167075157166
20750,1,31872000,5.793857097625732,0.5719820857048035,0.0,328.2767639160156,-0.010681040585041046,0.3972531855106354
20800,1,31948800,5.531532287597656,0.5765296220779419,0.0,252.5305633544922,-0.004137751180678606,0.39455217123031616
20850,1,32025600,5.518179416656494,0.5871590375900269,0.0,249.18096923828125,0.002034864155575633,0.3892122507095337
20900,1,32102400,6.043895244598389,0.5844038128852844,0.0028186440467834473,421.5318298339844,-0.0024660208728164434,0.4014093279838562
20950,1,32179200,5.82703161239624,0.5609902739524841,0.027430295944213867,339.349853515625,0.013547501526772976,0.4137151539325714
21000,1,32256000,5.975725173950195,0.6286233067512512,0.0,393.7535400390625,0.03094559907913208,0.3963789641857147
21050,1,32332800,5.562175750732422,0.5422705411911011,0.0,260.38873291015625,0.03758804872632027,0.3710707724094391
21100,1,32409600,5.770593643188477,0.5562148094177246,0.0,320.72808837890625,-0.001593759865500033,0.39059486985206604
21150,1,32486400,5.9729228019714355,0.5622618198394775,0.0,392.6516418457031,0.004049981478601694,0.39387956261634827
21200,1,32563200,5.786112308502197,0.5900059938430786,0.0,325.7441711425781,0.029201887547969818,0.38495180010795593
21250,1,32640000,5.942882537841797,0.5448137521743774,0.0,381.0317077636719,0.03595669940114021,0.38830018043518066
21300,1,32716800,5.839579105377197,0.5549970269203186,0.010442733764648438,343.6346740722656,-0.008367604576051235,0.4052213728427887
21350,1,32793600,6.03021240234375,0.5449233651161194,0.0007213950157165527,415.8033447265625,0.013956941664218903,0.40036070346832275
21400,1,32870400,5.826366901397705,0.571202278137207,0.0,339.1243896484375,0.013097400777041912,0.3983169198036194
21450,1,32947200,5.724605083465576,0.5556000471115112,0.010876178741455078,306.312255859375,0.03864588215947151,0.405438095331192
21500,1,33024000,5.887485980987549,0.5565549731254578,0.0,360.4978332519531,0.07104333490133286,0.3935939371585846
21550,1,33100800,5.736783504486084,0.5383555889129639,0.0,310.06549072265625,0.019292904064059258,0.3860545754432678
21600,1,33177600,5.839324951171875,0.5494149327278137,0.0,343.54736328125,0.055316757410764694,0.38858142495155334
21650,1,33254400,5.7295074462890625,0.538762092590332,0.014674663543701172,307.817626953125,0.03294070437550545,0.40733733773231506
21700,1,33331200,5.912117004394531,0.528520941734314,0.0,369.487548828125,0.07067493349313736,0.3949432075023651
21750,1,33408000,5.708482265472412,0.5330667495727539,0.0,301.41326904296875,0.024016087874770164,0.3949696123600006
21800,1,33484800,5.304319858551025,0.5588825941085815,0.0,201.2041015625,0.005799289792776108,0.3979952931404114
21850,1,33561600,5.938983917236328,0.5514931082725525,0.016353249549865723,379.5491027832031,-0.014672785066068172,0.40817663073539734
21900,1,33638400,6.196187973022461,0.5939399003982544,0.0,490.8742370605469,-0.02950804866850376,0.39987999200820923
21950,1,33715200,5.758880615234375,0.5212838649749756,0.0,316.9933166503906,0.0005332585424184799,0.39085546135902405
22000,1,33792000,5.9041924476623535,0.5693191885948181,0.0,366.5710754394531,-0.005397062748670578,0.3992767333984375
22050,1,33868800,5.491302490234375,0.5134204626083374,0.0,242.5729522705078,0.014112302102148533,0.39211416244506836
22100,1,33945600,5.781154632568359,0.5357221364974976,0.0,324.13323974609375,0.03310692310333252,0.38890719413757324
22150,1,34022400,5.646559238433838,0.5307652354240417,0.022928953170776367,283.3149719238281,0.022366061806678772,0.41146448254585266
22200,1,34099200,5.597395420074463,0.569754958152771,0.0,269.7229919433594,0.035759951919317245,0.39992809295654297
22250,1,34176000,5.6666717529296875,0.5373696088790894,0.00034427642822265625,289.0708312988281,0.07157707959413528,0.4001721441745758
22300,1,34252800,5.706724643707275,0.5243233442306519,0.0,300.8839416503906,0.010427266359329224,0.3926028311252594
22350,1,34329600,5.8712944984436035,0.5290761590003967,0.0,354.7078552246094,0.0014186067273840308,0.3880290389060974
22400,1,34406400,5.78539514541626,0.5713878870010376,0.0,325.5106201171875,0.04163321107625961,0.3972843885421753
22450,1,34483200,5.942892551422119,0.5695913434028625,0.023583531379699707,381.0355224609375,0.0036941934376955032,0.41179177165031433
22500,1,34560000,6.162576198577881,0.519249439239502,0.04981642961502075,474.6492919921875,0.027631111443042755,0.42490822076797485
22550,1,34636800,5.740148544311523,0.5322154760360718,0.012535154819488525,311.1106262207031,-0.0109413368627429,0.40626758337020874
22600,1,34713600,5.756694793701172,0.5421296954154968,0.020055651664733887,316.3011779785156,0.008765896782279015,0.4100278317928314
22650,1,34790400,5.775524139404297,0.5068683624267578,0.02160269021987915,322.3133239746094,0.0044571030884981155,0.41080135107040405
22700,1,34867200,5.510856628417969,0.5203388333320618,0.0,247.36293029785156,0.0016860266914591193,0.3916741907596588
22750,1,34944000,6.01903772354126,0.5008221864700317,0.0,411.1827392578125,0.012111919932067394,0.3990863263607025
22800,1,35020800,6.014532089233398,0.5096663236618042,0.0,409.3342590332031,0.012053298763930798,0.3994884490966797
22850,1,35097600,5.920496463775635,0.5151177048683167,0.0,372.5966491699219,0.027512678876519203,0.3928550183773041
22900,1,35174400,5.55810022354126,0.5121592283248901,0.0,259.3297119140625,0.017866231501102448,0.3998551368713379
22950,1,35251200,5.874931335449219,0.5168073177337646,0.0,356.00018310546875,0.0018967004725709558,0.3960669934749603
23000,1,35328000,5.598504543304443,0.5050797462463379,0.03139156103134155,270.0223083496094,0.0377306304872036,0.41569578647613525
23050,1,35404800,5.8335957527160645,0.5526522397994995,0.0,341.5847473144531,-0.005553062539547682,0.3766733705997467
23100,1,35481600,5.815658092498779,0.5177310705184937,0.05313783884048462,335.5121154785156,0.023935792967677116,0.4265689253807068
23150,1,35558400,5.8306145668029785,0.5353728532791138,0.0,340.56793212890625,-0.0030594877898693085,0.38056468963623047
23200,1,35635200,5.520772933959961,0.5448681116104126,0.0,249.8280792236328,0.028342681005597115,0.3850957155227661
23250,1,35712000,5.6664252281188965,0.5092045664787292,0.012317180633544922,288.99957275390625,0.023124830797314644,0.40615859627723694
23300,1,35788800,5.365087985992432,0.4922800660133362,0.0,213.81005859375,0.009298439137637615,0.38995879888534546
23350,1,35865600,5.477136135101318,0.504132866859436,0.0,239.16079711914062,0.018793685361742973,0.39510923624038696
23400,1,35942400,5.495522975921631,0.4964371919631958,0.0,243.598876953125,0.03867300599813461,0.3977862596511841
23450,1,36019200,5.567548751831055,0.49165239930152893,0.0,261.7915954589844,0.05300785228610039,0.3981407880783081
23500,1,36096000,5.422242641448975,0.5068170428276062,0.0,226.38626098632812,0.040186647325754166,0.3918597400188446
23550,1,36172800,6.050032138824463,0.5164703130722046,0.0,424.1266784667969,0.04598073661327362,0.39356106519699097
23600,1,36249600,5.71935510635376,0.4988187551498413,0.0,304.7083435058594,0.02742772549390793,0.37287160754203796
23650,1,36326400,5.438931941986084,0.5121572017669678,0.0,230.19618225097656,0.048000503331422806,0.38079798221588135
23700,1,36403200,5.4883904457092285,0.4985271096229553,0.022038519382476807,241.8675994873047,0.05116690695285797,0.4110192656517029
23750,1,36480000,5.808316707611084,0.5217260122299194,0.01026993989944458,333.05804443359375,0.061451803892850876,0.40513497591018677
23800,1,36556800,5.463159084320068,0.48214632272720337,0.022173523902893066,235.84129333496094,0.05606476962566376,0.411086767911911
23850,1,36633600,5.6443867683410645,0.5317577719688416,0.0,282.70013427734375,0.055845707654953,0.39222899079322815
23900,1,36710400,5.88049840927124,0.4980061650276184,0.0026236772537231445,357.98760986328125,0.06362507492303848,0.40131184458732605
23950,1,36787200,5.745238780975342,0.48063117265701294,0.0,312.69830322265625,0.038545407354831696,0.38815778493881226
24000,1,36864000,5.790045261383057,0.49204015731811523,0.0,327.02783203125,0.009983665309846401,0.39002183079719543
24050,1,36940800,5.843591690063477,0.4872080087661743,0.0,345.0163269042969,0.036148205399513245,0.3949103355407715
24100,1,37017600,5.988365173339844,0.4872687757015228,0.023272216320037842,398.7621765136719,0.06890588253736496,0.4116361141204834
24150,1,37094400,5.773036956787109,0.4747947156429291,0.021854817867279053,321.5126953125,0.032991860061883926,0.410927414894104
24200,1,37171200,5.238300800323486,0.4759211242198944,0.03886127471923828,188.34979248046875,0.03110145591199398,0.4194306433200836
24250,1,37248000,5.770086765289307,0.5023983120918274,0.039584994316101074,320.5655517578125,0.003494463162496686,0.419792503118515
24300,1,37324800,5.47133207321167,0.4817446768283844,0.0009001493453979492,237.77671813964844,0.0167218204587698,0.40045008063316345
24350,1,37401600,5.45961332321167,0.47410333156585693,0.0,235.00653076171875,0.04878070950508118,0.3993213474750519
24400,1,37478400,5.471689701080322,0.48389407992362976,0.0,237.8617706298828,0.00848232302814722,0.38823309540748596
24450,1,37555200,5.606471538543701,0.5191078782081604,0.0,272.1821594238281,0.0546627938747406,0.38440194725990295
24500,1,37632000,5.661756992340088,0.4812960624694824,0.0,287.6535949707031,0.0283055379986763,0.39728185534477234
24550,1,37708800,5.161281108856201,0.4897008538246155,0.0,174.38772583007812,0.040617648512125015,0.3887312412261963
24600,1,37785600,5.540803909301758,0.4920400381088257,0.0,254.8828125,0.04668515920639038,0.3909921944141388
24650,1,37862400,5.252410888671875,0.4737567901611328,0.014931201934814453,191.02626037597656,0.037569090723991394,0.4074656069278717
24700,1,37939200,6.046327114105225,0.48301804065704346,0.0018392205238342285,422.55816650390625,0.03904861584305763,0.4009196162223816
24750,1,38016000,5.942724704742432,0.4754314422607422,0.0,380.9715270996094,0.023841654881834984,0.3932550251483917
24800,1,38092800,6.125724792480469,0.49417224526405334,0.0,457.4761962890625,0.05943915620446205,0.39572206139564514
24850,1,38169600,5.462245941162109,0.4741869866847992,0.0,235.62603759765625,0.02725920081138611,0.3919357657432556
24900,1,38246400,5.518106937408447,0.47333967685699463,0.0,249.16290283203125,0.054853443056344986,0.3931167423725128
24950,1,38323200,5.7062087059021,0.4660733938217163,0.0,300.728759765625,0.06418652832508087,0.3936655819416046
25000,1,38400000,6.100397109985352,0.5121241211891174,0.019406795501708984,446.0348815917969,0.03993983939290047,0.40970340371131897
25050,1,38476800,5.622991561889648,0.4607011377811432,0.027147769927978516,276.7159729003906,0.05116709694266319,0.41357389092445374
25100,1,38553600,5.961479663848877,0.4706823229789734,0.0,388.18408203125,0.07181588560342789,0.3809402883052826
25150,1,38630400,6.3417181968688965,0.47397130727767944,0.014830291271209717,567.7710571289062,0.011503337882459164,0.40741515159606934
25200,1,38707200,5.602090358734131,0.4740757942199707,0.0,270.9922790527344,0.030250119045376778,0.39814916253089905
25250,1,38784000,5.505209445953369,0.46131789684295654,0.0008835196495056152,245.969970703125,0.05413121357560158,0.4004417657852173
25300,1,38860800,5.5518622398376465,0.4790789783000946,0.0,257.717041015625,0.05313633754849434,0.3919105529785156
25350,1,38937600,5.634505748748779,0.45475006103515625,0.0,279.9205322265625,0.06613918393850327,0.3898560106754303
25400,1,39014400,5.701839447021484,0.45999443531036377,0.018550097942352295,299.41766357421875,0.05304836109280586,0.4092750549316406
25450,1,39091200,5.9987921714782715,0.5250459909439087,0.035407066345214844,402.9418029785156,0.05970542132854462,0.4177035391330719
25500,1,39168000,5.803999423980713,0.4992671012878418,0.002079784870147705,331.62322998046875,0.06184728816151619,0.40103989839553833
25550,1,39244800,5.898454666137695,0.47189846634864807,0.032908499240875244,364.47381591796875,0.038579411804676056,0.4164542555809021
25600,1,39321600,5.939717769622803,0.4667702913284302,0.0358317494392395,379.8277282714844,0.016618803143501282,0.41791588068008423
25650,1,39398400,5.63620138168335,0.5049721002578735,0.011443138122558594,280.39556884765625,0.04402580484747887,0.4057215750217438
25700,1,39475200,5.902367115020752,0.46471935510635376,0.0559459924697876,365.902587890625,0.014629998244345188,0.4279730021953583
25750,1,39552000,5.794180393218994,0.45047253370285034,0.0,328.3829345703125,-0.000310180097585544,0.392101913690567
25800,1,39628800,5.811378479003906,0.45193201303482056,0.0,334.079345703125,0.01518432516604662,0.3985137343406677
25850,1,39705600,5.215101718902588,0.4460466206073761,0.026051640510559082,184.03054809570312,0.01661495305597782,0.413025826215744
25900,1,39782400,5.9081878662109375,0.46226826310157776,0.0,368.03863525390625,0.017709961161017418,0.39756694436073303
25950,1,39859200,5.718570709228516,0.4800601601600647,0.0,304.4694519042969,0.03870166465640068,0.3967491686344147
26000,1,39936000,5.4040374755859375,0.47469592094421387,0.0,222.30213928222656,0.060955960303545,0.39912793040275574
26050,1,40012800,5.565347671508789,0.4637964069843292,0.01790618896484375,261.21600341796875,0.06863866746425629,0.40895310044288635
26100,1,40089600,5.267578601837158,0.48073822259902954,0.030169248580932617,193.94577026367188,0.07006973773241043,0.4150846302509308
26150,1,40166400,5.787594318389893,0.4429702162742615,0.00022482872009277344,326.227294921875,0.05206004157662392,0.40011242032051086
26200,1,40243200,5.5208659172058105,0.4636133313179016,0.008630752563476562,249.85130310058594,0.04627026617527008,0.40431538224220276
26250,1,40320000,5.502198696136475,0.4399201273918152,0.019673407077789307,245.23052978515625,0.06958476454019547,0.40983670949935913
26300,1,40396800,5.458686828613281,0.4457666575908661,0.0,234.78890991210938,0.02224717102944851,0.3908716142177582
26350,1,40473600,5.626720428466797,0.44397252798080444,0.0021787285804748535,277.7497253417969,0.040096282958984375,0.4010893702507019
26400,1,40550400,5.46423864364624,0.4447239637374878,0.0023505687713623047,236.09603881835938,0.05392812192440033,0.40117529034614563
26450,1,40627200,6.0011115074157715,0.44504520297050476,0.020785748958587646,403.87744140625,0.04840041324496269,0.4103928804397583
26500,1,40704000,5.730963230133057,0.42723897099494934,0.0,308.26605224609375,0.04649155214428902,0.39712461829185486
26550,1,40780800,5.2841644287109375,0.4514158070087433,0.0,197.18934631347656,0.07583609968423843,0.3869321346282959
26600,1,40857600,5.371570587158203,0.4472804367542267,0.02790170907974243,215.20059204101562,0.07201599329710007,0.4139508605003357
26650,1,40934400,5.761859893798828,0.45295098423957825,0.002964496612548828,317.9391174316406,0.07518314570188522,0.4014822542667389
26700,1,41011200,5.755845546722412,0.4443763494491577,0.010301649570465088,316.03265380859375,0.08459797501564026,0.405150830745697
26750,1,41088000,5.760536193847656,0.437917560338974,0.0,317.5185546875,0.05359223857522011,0.3996123671531677
26800,1,41164800,5.6512064933776855,0.42524006962776184,0.0,284.6346740722656,0.06989415735006332,0.39853090047836304
26850,1,41241600,5.4132256507873535,0.4276832342147827,0.0,224.35411071777344,0.05707373097538948,0.3831179141998291
26900,1,41318400,5.912839889526367,0.4982357621192932,0.0,369.7547302246094,0.06376873701810837,0.38840997219085693
26950,1,41395200,5.92444372177124,0.43085977435112,0.0,374.0702819824219,0.05162149295210838,0.39955970644950867
27000,1,41472000,5.993958950042725,0.4315532147884369,0.0,400.9989929199219,0.019632680341601372,0.38451215624809265
27050,1,41548800,5.903842926025391,0.4413032531738281,0.03641623258590698,366.4429931640625,0.04714597761631012,0.41820812225341797
27100,1,41625600,5.879589557647705,0.4590657949447632,0.005601048469543457,357.66241455078125,0.036128751933574677,0.4028005301952362
27150,1,41702400,5.404078006744385,0.4341079592704773,0.0,222.3111572265625,0.04536427557468414,0.38770928978919983
27200,1,41779200,6.119832992553711,0.4371333122253418,0.0,454.78875732421875,0.0223174337297678,0.393343985080719
27250,1,41856000,5.631356716156006,0.42025718092918396,0.011918365955352783,279.0404357910156,0.03680062294006348,0.40595918893814087
27300,1,41932800,5.346473693847656,0.4235246479511261,0.0,209.866943359375,0.04823719337582588,0.3918425738811493
27350,1,42009600,5.912500858306885,0.4715961813926697,0.017327189445495605,369.62939453125,0.11219578236341476,0.4086636006832123
27400,1,42086400,5.397183895111084,0.42716681957244873,0.021671593189239502,220.78379821777344,0.046584416180849075,0.41083580255508423
27450,1,42163200,6.114124298095703,0.41705453395843506,0.008774757385253906,452.1998596191406,0.07538381963968277,0.40438738465309143
27500,1,42240000,5.574192047119141,0.41924986243247986,0.0,263.5365295410156,0.05186058208346367,0.38883379101753235
27550,1,42316800,5.497331142425537,0.43350932002067566,0.0,244.0397491455078,0.08693443983793259,0.3892801105976105
27600,1,42393600,5.8337249755859375,0.414226233959198,0.0,341.6288757324219,0.06068532541394234,0.3889217972755432
27650,1,42470400,5.713951110839844,0.4218515455722809,0.0,303.066162109375,0.055700093507766724,0.398540735244751
27700,1,42547200,5.542715549468994,0.4199353754520416,0.0,255.37054443359375,0.02113071270287037,0.3998434841632843
27750,1,42624000,5.731626510620117,0.42550668120384216,0.0,308.4705810546875,0.06849322468042374,0.39759767055511475
27800,1,42700800,5.244884490966797,0.4578120708465576,0.0,189.5939178466797,0.061717718839645386,0.3975345194339752
27850,1,42777600,5.393371105194092,0.4209061563014984,0.0,219.943603515625,0.07514601200819016,0.39453282952308655
27900,1,42854400,5.53847074508667,0.4233393669128418,0.0,254.28883361816406,0.06513278931379318,0.3794005811214447
27950,1,42931200,5.739400386810303,0.42529094219207764,0.0,310.8779602050781,0.06157132610678673,0.39269718527793884
28000,1,43008000,5.6718010902404785,0.4157326817512512,0.0,290.557373046875,0.03864378482103348,0.3996116816997528
28050,1,43084800,6.028453350067139,0.41303160786628723,0.0,415.07257080078125,0.05397390201687813,0.3741847276687622
28100,1,43161600,5.591241359710693,0.4125522971153259,0.0,268.06817626953125,0.06217170134186745,0.38174766302108765
28150,1,43238400,5.3955078125,0.44105297327041626,0.0,220.4140625,0.07474910467863083,0.3837980329990387
28200,1,43315200,5.75550651550293,0.4120692014694214,0.0,315.925537109375,0.055976420640945435,0.38530075550079346
28250,1,43392000,5.673854827880859,0.41719484329223633,0.0,291.15472412109375,0.08595912903547287,0.38078948855400085
28300,1,43468800,5.957617282867432,0.40469008684158325,0.01438283920288086,386.68768310546875,0.07459084689617157,0.4071914255619049
28350,1,43545600,5.801554203033447,0.45829084515571594,0.008532702922821045,330.8133239746094,0.07408276200294495,0.404266357421875
28400,1,43622400,5.374056339263916,0.3983391523361206,0.01839601993560791,215.7362060546875,0.06307607144117355,0.40919801592826843
28450,1,43699200,5.5572381019592285,0.41146406531333923,0.0,259.106201171875,0.06349209696054459,0.3950192630290985
28500,1,43776000,5.951881408691406,0.41536465287208557,0.0,384.47601318359375,0.05472077056765556,0.39776161313056946
28550,1,43852800,5.353539943695068,0.41326096653938293,0.005631685256958008,211.35516357421875,0.05182693898677826,0.4028158485889435
28600,1,43929600,5.536996364593506,0.40541476011276245,0.0,253.9141845703125,0.06941354274749756,0.3997783064842224
28650,1,44006400,5.352741718292236,0.47373709082603455,0.0,211.1865234375,0.024010902270674706,0.39138785004615784
28700,1,44083200,5.8759541511535645,0.41411304473876953,0.0,356.3645324707031,0.07490872591733932,0.3860214650630951
28750,1,44160000,5.654575347900391,0.43244653940200806,0.0,285.59515380859375,0.04697509482502937,0.39131006598472595
28800,1,44236800,5.480808734893799,0.4319859743118286,0.02618265151977539,240.040771484375,0.04101419448852539,0.4130913317203522
28850,1,44313600,5.80501127243042,0.42241835594177246,0.0,331.95892333984375,0.050261061638593674,0.3951261341571808
28900,1,44390400,5.698467254638672,0.409828782081604,0.0,298.40966796875,0.05210691690444946,0.37994638085365295
28950,1,44467200,5.28843355178833,0.4398789405822754,0.0343133807182312,198.03297424316406,0.048534657806158066,0.4171566963195801
29000,1,44544000,5.357405185699463,0.3896423578262329,0.0,212.17369079589844,0.05266723036766052,0.37774717807769775
29050,1,44620800,5.885473728179932,0.4053747057914734,0.0,359.7731628417969,0.07475627213716507,0.3888632357120514
29100,1,44697600,5.3161187171936035,0.4069174528121948,0.0,203.5921630859375,0.07455261796712875,0.38882964849472046
29150,1,44774400,5.858163356781006,0.3932039737701416,0.0,350.0805969238281,0.0821988508105278,0.39755070209503174
29200,1,44851200,5.798441410064697,0.40291839838027954,0.04032468795776367,329.7851867675781,0.06278826296329498,0.4201623499393463
29250,1,44928000,5.370870113372803,0.3991479277610779,0.0,215.04989624023438,0.09080680459737778,0.3963598310947418
29300,1,45004800,5.782301425933838,0.3867364823818207,0.0,324.5051574707031,0.09396287053823471,0.3981252908706665
29350,1,45081600,5.636213779449463,0.4244652986526489,0.0164148211479187,280.3990478515625,0.09434493631124496,0.40820741653442383
29400,1,45158400,5.706811904907227,0.3984244465827942,0.0,300.91021728515625,0.08284743130207062,0.38720622658729553
29450,1,45235200,5.8434929847717285,0.4150487184524536,0.033118605613708496,344.9822692871094,0.10875498503446579,0.4165593087673187
29500,1,45312000,5.263779640197754,0.4021393060684204,0.0,193.21038818359375,0.10235998034477234,0.39387786388397217
29550,1,45388800,5.864933013916016,0.43439579010009766,0.0,352.45855712890625,0.10091163963079453,0.3971714675426483
29600,1,45465600,5.719335079193115,0.4128047227859497,0.0,304.7022705078125,0.06115861237049103,0.39840370416641235
29650,1,45542400,5.648242950439453,0.42101341485977173,0.0,283.7923889160156,0.059738289564847946,0.3981499969959259
29700,1,45619200,5.606424808502197,0.4126906991004944,0.0,272.1694641113281,0.045992959290742874,0.3850286900997162
29750,1,45696000,5.770705699920654,0.38534024357795715,0.0,320.7640075683594,0.06432979553937912,0.3983127176761627
29800,1,45772800,5.899363040924072,0.38549327850341797,0.017553508281707764,364.8050537109375,0.08514896035194397,0.40877676010131836
29850,1,45849600,5.8678741455078125,0.46508774161338806,0.015462219715118408,353.4967041015625,0.06341757625341415,0.4077311158180237
29900,1,45926400,5.49180269241333,0.41791650652885437,0.0,242.69432067871094,0.06597303599119186,0.38603678345680237
29950,1,46003200,5.607940673828125,0.39133018255233765,0.0,272.58233642578125,0.04003484547138214,0.3978237211704254
30000,1,46080000,5.604360103607178,0.38508594036102295,0.029281675815582275,271.6080627441406,0.0424978993833065,0.4146408438682556
30050,1,46156800,5.481444835662842,0.38394397497177124,0.0,240.19351196289062,0.061371881514787674,0.3908708393573761
30100,1,46233600,5.51509428024292,0.38760578632354736,0.0,248.41339111328125,0.0554753839969635,0.3898969292640686
30150,1,46310400,5.669994831085205,0.3857972323894501,0.0,290.03302001953125,0.02576754242181778,0.3851691782474518
30200,1,46387200,5.7242112159729,0.39383745193481445,0.01443946361541748,306.191650390625,0.0317421592772007,0.4072197377681732
30250,1,46464000,5.659402370452881,0.39652639627456665,0.0455169677734375,286.9770812988281,0.044180113822221756,0.4227584898471832
30300,1,46540800,5.471319198608398,0.3841250538825989,0.0,237.77365112304688,0.06373312324285507,0.3892086446285248
30350,1,46617600,5.770333766937256,0.4039146900177002,0.0,320.6447448730469,0.06610869616270065,0.3960757255554199
30400,1,46694400,5.3516926765441895,0.3859212398529053,0.0,210.96510314941406,0.05668462812900543,0.39912837743759155
30450,1,46771200,6.011676788330078,0.4182596504688263,0.00043654441833496094,408.16717529296875,0.037883151322603226,0.40021827816963196
30500,1,46848000,5.277064323425293,0.3825392425060272,0.0222090482711792,195.7942352294922,0.07440903037786484,0.4111045300960541
30550,1,46924800,5.167306423187256,0.39081868529319763,0.0,175.44163513183594,0.05175035074353218,0.3946450650691986
30600,1,47001600,5.858917236328125,0.3896940350532532,0.0025444626808166504,350.3446044921875,0.049335747957229614,0.4012722373008728
30650,1,47078400,5.894921779632568,0.3865819275379181,0.0,363.1884460449219,0.049247875809669495,0.3977958559989929
30700,1,47155200,5.192113399505615,0.3873326778411865,0.027436017990112305,179.84825134277344,0.06486348062753677,0.41371801495552063
30750,1,47232000,5.623404026031494,0.43913429975509644,0.0,276.83013916015625,0.05324715003371239,0.39116179943084717
30800,1,47308800,5.342061996459961,0.3758639991283417,0.02586585283279419,208.94309997558594,0.029766036197543144,0.4129329323768616
30850,1,47385600,5.526433944702148,0.3667328357696533,0.0,251.24635314941406,0.042876046150922775,0.3888232409954071
30900,1,47462400,5.677095890045166,0.3740009069442749,0.0,292.0998840332031,0.03949267417192459,0.39398640394210815
30950,1,47539200,5.70197868347168,0.38258135318756104,0.04204064607620239,299.4593505859375,0.0604560524225235,0.4210203289985657
31000,1,47616000,5.171816349029541,0.3655552864074707,0.03189128637313843,176.23464965820312,0.0342114083468914,0.4159456491470337
31050,1,47692800,5.598703384399414,0.40242597460746765,0.020113468170166016,270.07598876953125,0.0668671578168869,0.4100567400455475
31100,1,47769600,5.432051181793213,0.3760480284690857,0.0,228.61770629882812,0.0687897726893425,0.3961068391799927
31150,1,47846400,5.450437545776367,0.3759336769580841,0.019286155700683594,232.8600311279297,0.07258088141679764,0.4096430838108063
31200,1,47923200,5.854866027832031,0.37657615542411804,0.0,348.92816162109375,0.0370127372443676,0.3937930166721344
31250,1,48000000,5.447729110717773,0.377398282289505,0.012374699115753174,232.23019409179688,0.07583249360322952,0.40618735551834106
31300,1,48076800,5.5648417472839355,0.4013814628124237,0.002123713493347168,261.0838928222656,0.04680014029145241,0.40106186270713806
31350,1,48153600,5.310676097869873,0.37125205993652344,0.021175622940063477,202.48709106445312,0.08241376280784607,0.4105878174304962
31400,1,48230400,5.793878078460693,0.3783417046070099,0.00883108377456665,328.2836608886719,0.07306065410375595,0.4044155478477478
31450,1,48307200,6.150679111480713,0.40872707962989807,0.04345601797103882,469.0357971191406,0.039260026067495346,0.4217280149459839
31500,1,48384000,5.439843654632568,0.3863116502761841,0.0017214417457580566,230.40615844726562,0.09762606769800186,0.4008607268333435
31550,1,48460800,5.745790004730225,0.36438897252082825,0.0,312.8707275390625,0.06114388629794121,0.39288148283958435
31600,1,48537600,5.206254959106445,0.3863862156867981,0.01479196548461914,182.40965270996094,0.07327423989772797,0.40739598870277405
31650,1,48614400,5.353478908538818,0.4574832320213318,0.0635872483253479,211.34225463867188,0.07418709993362427,0.4317936301231384
31700,1,48691200,5.128200054168701,0.36988767981529236,0.019481658935546875,168.71316528320312,0.020736848935484886,0.4097408354282379
31750,1,48768000,5.731858730316162,0.37845301628112793,0.010669589042663574,308.542236328125,0.06633467227220535,0.40533480048179626
31800,1,48844800,5.955014705657959,0.3883441090583801,0.0,385.6825866699219,0.0832572728395462,0.39501360058784485
31850,1,48921600,5.444926738739014,0.39304429292678833,0.0,231.58030700683594,0.11981702595949173,0.3880467414855957
31900,1,48998400,5.579195499420166,0.3758436441421509,0.0,264.8584289550781,0.09033500403165817,0.39931875467300415
31950,1,49075200,5.985456466674805,0.37545719742774963,0.05181616544723511,397.6039733886719,0.08585702627897263,0.42590808868408203
32000,1,49152000,5.38231897354126,0.3521871566772461,0.0,217.52613830566406,0.0772903636097908,0.37602344155311584
32050,1,49228800,5.299651622772217,0.3939642608165741,0.02362161874771118,200.26702880859375,0.09386350959539413,0.41181081533432007
32100,1,49305600,6.003971099853516,0.4111763834953308,0.0,405.0340576171875,0.1080741286277771,0.38692140579223633
32150,1,49382400,5.608985424041748,0.3619495630264282,0.0,272.8672790527344,0.14149588346481323,0.39355388283729553
32200,1,49459200,5.362715244293213,0.3731316924095154,0.012318134307861328,213.30332946777344,0.1281595230102539,0.40615907311439514
32250,1,49536000,5.376737117767334,0.3615199625492096,0.018939554691314697,216.31532287597656,0.12159248441457748,0.4094697833061218
32300,1,49612800,5.443639278411865,0.3905916213989258,0.009803712368011475,231.2823486328125,0.08239030838012695,0.4049018621444702
32350,1,49689600,5.44033670425415,0.44086015224456787,0.004741191864013672,230.51979064941406,0.10880810767412186,0.4023706018924713
32400,1,49766400,5.207043170928955,0.38395851850509644,0.008327782154083252,182.55348205566406,0.030201099812984467,0.4041638970375061
32450,1,49843200,5.893446445465088,0.38569527864456177,0.02137070894241333,362.6529846191406,0.0762343630194664,0.41068536043167114
32500,1,49920000,5.528390407562256,0.3624311685562134,0.047185540199279785,251.73838806152344,0.03944939747452736,0.42359277606010437
32550,1,49996800,5.470851898193359,0.3539291024208069,0.03985953330993652,237.66256713867188,0.06990044564008713,0.41992977261543274
32600,1,50073600,5.717409610748291,0.4227929711341858,0.0,304.1161193847656,0.03384033963084221,0.39515313506126404
32650,1,50150400,5.307496547698975,0.3785090446472168,0.024292409420013428,201.8442840576172,0.024988895282149315,0.4121462106704712
32700,1,50227200,5.5397114753723145,0.3821421265602112,0.03143042325973511,254.6045379638672,0.04278658702969551,0.41571521759033203
32750,1,50304000,5.672630786895752,0.36778682470321655,0.0,290.7985534667969,0.03102727234363556,0.3968261778354645
32800,1,50380800,5.387293338775635,0.3655291497707367,0.0,218.61087036132812,0.041394758969545364,0.3767138719558716
32850,1,50457600,5.924760341644287,0.3583900034427643,0.03199946880340576,374.1887512207031,0.019571935757994652,0.41599974036216736
32900,1,50534400,5.579407215118408,0.34771090745925903,0.008662700653076172,264.9145202636719,0.02860069088637829,0.40433135628700256
32950,1,50611200,5.235707759857178,0.42531663179397583,0.0,187.86203002929688,0.017929088324308395,0.3907288908958435
33000,1,50688000,5.387183666229248,0.3499630093574524,0.046993255615234375,218.58689880371094,0.04822172597050667,0.42349663376808167
33050,1,50764800,5.2126383781433105,0.3747282028198242,0.0,183.57778930664062,0.0749591737985611,0.3995448648929596
33100,1,50841600,5.766637325286865,0.36957868933677673,0.009833335876464844,319.461669921875,0.05402210354804993,0.4049166738986969
33150,1,50918400,5.790711879730225,0.4147491753101349,0.0277707576751709,327.24591064453125,0.06662622094154358,0.4138853847980499
33200,1,50995200,5.591535568237305,0.3519907295703888,0.0,268.1470642089844,0.08695853501558304,0.38958582282066345
33250,1,51072000,5.101841926574707,0.3643292784690857,0.009780287742614746,164.3242950439453,0.0897904634475708,0.40489014983177185
33300,1,51148800,5.570387363433838,0.35555747151374817,0.006756186485290527,262.5357666015625,0.0775616466999054,0.40337809920310974
33350,1,51225600,6.128807067871094,0.34900808334350586,0.01422882080078125,458.888427734375,0.1109563484787941,0.4071144163608551
33400,1,51302400,5.764443874359131,0.3875004053115845,0.0,318.76171875,0.12955401837825775,0.39399248361587524
33450,1,51379200,5.638614654541016,0.3477402329444885,0.014892339706420898,281.07305908203125,0.06788606196641922,0.4074461758136749
33500,1,51456000,5.816699504852295,0.3434363901615143,0.019223153591156006,335.8617248535156,0.11094539612531662,0.4096115827560425
33550,1,51532800,5.637729644775391,0.32978227734565735,0.0,280.82440185546875,0.07555843144655228,0.38310736417770386
33600,1,51609600,5.323352336883545,0.36848336458206177,0.0017465949058532715,205.0701904296875,0.0648086741566658,0.4008733034133911
33650,1,51686400,5.02049446105957,0.3347241282463074,0.007919251918792725,151.48619079589844,0.07291371375322342,0.40395963191986084
33700,1,51763200,5.164035320281982,0.34322309494018555,0.0,174.86868286132812,0.06839229166507721,0.3735651969909668
33750,1,51840000,5.234564304351807,0.3530864119529724,0.0,187.6473388671875,0.09945869445800781,0.385073721408844
33800,1,51916800,5.619553089141846,0.35063543915748596,0.0,275.76611328125,0.08763670921325684,0.38896429538726807
33850,1,51993600,5.566747188568115,0.35531431436538696,0.0,261.58184814453125,0.10789250582456589,0.3849531412124634
33900,1,52070400,5.617683410644531,0.346794456243515,0.00955808162689209,275.2510070800781,0.0624639131128788,0.4047790467739105
33950,1,52147200,6.053385257720947,0.358991801738739,0.0,425.55120849609375,0.07512124627828598,0.3897869884967804
34000,1,52224000,5.851474761962891,0.4420759677886963,0.02802419662475586,347.746826171875,0.049743130803108215,0.4140121042728424
34050,1,52300800,5.339592456817627,0.35364800691604614,0.023649632930755615,208.42776489257812,0.07896200567483902,0.4118248224258423
34100,1,52377600,5.362574100494385,0.33191990852355957,0.0,213.27322387695312,0.0315677784383297,0.3980574607849121
34150,1,52454400,5.605294704437256,0.3298279643058777,0.0,271.862060546875,0.07346227765083313,0.39677509665489197
34200,1,52531200,5.60223388671875,0.36273884773254395,0.006642341613769531,271.03118896484375,0.06307566910982132,0.40332117676734924
34250,1,52608000,5.6573662757873535,0.3351193964481354,0.008365988731384277,286.39337158203125,0.001994709251448512,0.4041830003261566
34300,1,52684800,5.498166561126709,0.38932254910469055,0.0,244.2437286376953,0.04013935849070549,0.39870139956474304
34350,1,52761600,5.3698344230651855,0.33016276359558105,0.0,214.82730102539062,0.07295730710029602,0.37432661652565
34400,1,52838400,5.4689717292785645,0.35064470767974854,0.017066001892089844,237.21615600585938,0.08781454712152481,0.4085330069065094
34450,1,52915200,5.8174967765808105,0.3391900658607483,0.0,336.1296081542969,0.08288118243217468,0.39703506231307983
34500,1,52992000,6.109400272369385,0.343831330537796,0.0,450.0687255859375,0.04315702244639397,0.3938430845737457
34550,1,53068800,5.329076290130615,0.3397030830383301,0.0,206.24737548828125,0.03633547201752663,0.38330090045928955
34600,1,53145600,5.9684271812438965,0.34931808710098267,0.005028486251831055,390.890380859375,0.05736351013183594,0.40251424908638
34650,1,53222400,5.7170729637146,0.33788013458251953,0.027187347412109375,304.0137634277344,0.04207160696387291,0.41359367966651917
34700,1,53299200,5.715244770050049,0.38130950927734375,0.003484189510345459,303.4584655761719,0.046037767082452774,0.4017421007156372
34750,1,53376000,6.061068058013916,0.3458256423473358,0.009405851364135742,428.8332214355469,0.022689035162329674,0.40470293164253235
34800,1,53452800,5.4698967933654785,0.3304678201675415,0.0165785551071167,237.43568420410156,0.014791734516620636,0.4082892835140228
34850,1,53529600,5.880823612213135,0.3249450922012329,0.0,358.10406494140625,0.05850747227668762,0.38783085346221924
34900,1,53606400,4.848491668701172,0.34710434079170227,0.036714017391204834,127.54785919189453,0.07657890766859055,0.4183570146560669
34950,1,53683200,5.81698751449585,0.37973010540008545,0.03961855173110962,335.95843505859375,0.07725954800844193,0.4198092818260193
35000,1,53760000,5.635887622833252,0.34466272592544556,0.0,280.3076171875,0.08195380866527557,0.39315134286880493
35050,1,53836800,5.462217807769775,0.33393269777297974,0.0,235.61940002441406,0.09448638558387756,0.3880578875541687
35100,1,53913600,5.324371337890625,0.3355325162410736,0.0,205.27928161621094,0.056815654039382935,0.3869769871234894
35150,1,53990400,5.711570739746094,0.3713189363479614,0.03633326292037964,302.3456115722656,0.07800484448671341,0.4181666374206543
35200,1,54067200,5.499330043792725,0.4154840111732483,0.0,244.52806091308594,0.07194776087999344,0.3956736922264099
35250,1,54144000,5.256269454956055,0.3701595664024353,0.022520363330841064,191.7647705078125,0.07929619401693344,0.411260187625885
35300,1,54220800,5.518727779388428,0.33815497159957886,0.018811702728271484,249.31765747070312,0.09365818649530411,0.4094058573246002
35350,1,54297600,5.542324542999268,0.34879690408706665,0.0,255.27069091796875,0.059783678501844406,0.3951309621334076
35400,1,54374400,5.546894550323486,0.35359394550323486,0.0,256.43994140625,0.05923488363623619,0.3982413113117218
35450,1,54451200,5.568806171417236,0.35245615243911743,0.0,262.1209716796875,0.07461472600698471,0.39659538865089417
35500,1,54528000,5.972048282623291,0.3833746612071991,0.0,392.30841064453125,0.05386693775653839,0.3989737033843994
35550,1,54604800,5.749843597412109,0.3511863946914673,0.0,314.14154052734375,0.07942470163106918,0.3872261941432953
35600,1,54681600,5.831441402435303,0.342572957277298,0.0,340.849609375,0.08816170692443848,0.39435553550720215
35650,1,54758400,5.511348724365234,0.31835073232650757,0.0,247.4846954345703,0.07390148937702179,0.3815900385379791
35700,1,54835200,5.4669013023376465,0.3164784610271454,0.0,236.7255096435547,0.06467169523239136,0.38384315371513367
35750,1,54912000,5.713657855987549,0.31648868322372437,0.0,302.977294921875,0.11088994890451431,0.3994683623313904
35800,1,54988800,5.765821933746338,0.3367871642112732,0.0,319.2012939453125,0.09766268730163574,0.3825496733188629
35850,1,55065600,5.699647426605225,0.32908201217651367,0.0,298.7620544433594,0.09327889233827591,0.37505143880844116
35900,1,55142400,5.546952724456787,0.3231685757637024,0.0,256.4548645019531,0.07478942722082138,0.39089250564575195
35950,1,55219200,5.5342888832092285,0.3072742521762848,0.0005370378494262695,253.22764587402344,0.04947897419333458,0.4002685248851776
36000,1,55296000,5.824000835418701,0.3559764325618744,0.0,338.32293701171875,0.05563894286751747,0.39288511872291565
36050,1,55372800,6.098020076751709,0.3292359709739685,0.0066051483154296875,444.97589111328125,0.06681769341230392,0.4033025801181793
36100,1,55449600,5.5565314292907715,0.337187796831131,0.03316700458526611,258.9231872558594,0.11715426295995712,0.41658350825309753
36150,1,55526400,5.54639196395874,0.34475433826446533,0.0,256.31109619140625,0.10925847291946411,0.3953627049922943
36200,1,55603200,5.644681453704834,0.3312855660915375,0.0,282.783447265625,0.09192782640457153,0.3922859728336334
36250,1,55680000,5.800721645355225,0.3238707184791565,0.0,330.53802490234375,0.055141787976026535,0.392799437046051
36300,1,55756800,5.560006618499756,0.3188548684120178,0.0,259.8245544433594,0.06952325254678726,0.3972513973712921
36350,1,55833600,5.624975681304932,0.3148474395275116,0.007165431976318359,277.26556396484375,0.06564632803201675,0.40358272194862366
36400,1,55910400,6.016137599945068,0.3125952184200287,0.006117880344390869,409.9919738769531,0.07279875874519348,0.4030589461326599
36450,1,55987200,5.69688606262207,0.30995431542396545,0.018999576568603516,297.9382019042969,0.04942123964428902,0.40949979424476624
36500,1,56064000,5.612680912017822,0.3625650405883789,0.006173610687255859,273.8774719238281,0.0459425188601017,0.4030868113040924
36550,1,56140800,5.451526165008545,0.30312785506248474,0.0,233.11366271972656,0.04575049877166748,0.38135311007499695
36600,1,56217600,5.440653324127197,0.31201353669166565,0.002477288246154785,230.59278869628906,0.04399062320590019,0.40123865008354187
36650,1,56294400,5.669269561767578,0.3078615069389343,0.012328565120697021,289.82275390625,0.05808345973491669,0.406164288520813
36700,1,56371200,5.446111679077148,0.34761106967926025,0.0,231.85488891601562,0.03467122092843056,0.3809959590435028
36750,1,56448000,5.5944132804870605,0.3151057958602905,0.0,268.9198303222656,0.06809375435113907,0.39297476410865784
36800,1,56524800,5.580444812774658,0.3271758556365967,0.015445590019226074,265.18951416015625,0.027642710134387016,0.4077228009700775
36850,1,56601600,5.526937484741211,0.42042863368988037,0.0,251.37289428710938,0.04094618931412697,0.39924728870391846
36900,1,56678400,5.631256103515625,0.3117203712463379,0.0,279.0123596191406,0.05266445875167847,0.38831987977027893
36950,1,56755200,5.763307094573975,0.3225114941596985,0.006381809711456299,318.3995666503906,0.05400095507502556,0.4031909108161926
37000,1,56832000,5.63083028793335,0.31993573904037476,0.0019093751907348633,278.8935852050781,0.0778656080365181,0.4009546935558319
37050,1,56908800,5.477700710296631,0.3005351126194,0.0,239.29586791992188,0.09974799305200577,0.38084039092063904
37100,1,56985600,5.5258026123046875,0.31634417176246643,0.0,251.08778381347656,0.09619040042161942,0.37604668736457825
37150,1,57062400,5.767537593841553,0.33371368050575256,0.02220672369003296,319.7493896484375,0.07602309435606003,0.41110336780548096
37200,1,57139200,5.547513484954834,0.32137179374694824,0.0,256.5987243652344,0.07043532282114029,0.39069175720214844
37250,1,57216000,5.381887435913086,0.3406679332256317,0.01457071304321289,217.43228149414062,0.04482826590538025,0.4072853624820709
37300,1,57292800,5.471144199371338,0.3124796450138092,0.0,237.73204040527344,0.060323189944028854,0.3995535671710968
37350,1,57369600,5.555759429931641,0.3404485583305359,0.0,258.723388671875,0.04034047946333885,0.38698694109916687
37400,1,57446400,5.388929843902588,0.331605464220047,0.021256864070892334,218.96893310546875,0.06288544088602066,0.41062843799591064
37450,1,57523200,5.718785762786865,0.341291218996048,0.0,304.5349426269531,0.06688286364078522,0.3961622416973114
37500,1,57600000,5.632322311401367,0.3213680386543274,0.0,279.30999755859375,0.09650910645723343,0.3836670517921448
37550,1,57676800,5.687432765960693,0.29298868775367737,0.004689514636993408,295.13494873046875,0.0746830627322197,0.4023447632789612
37600,1,57753600,5.42876672744751,0.3093705475330353,0.020824074745178223,227.86805725097656,0.07608704268932343,0.4104120433330536
37650,1,57830400,5.765285968780518,0.32832300662994385,0.0,319.0302734375,0.07857812941074371,0.39807215332984924
37700,1,57907200,5.60136604309082,0.3007863759994507,0.06766331195831299,270.79608154296875,0.07787907868623734,0.43383166193962097
37750,1,57984000,5.780130863189697,0.29916107654571533,0.014679908752441406,323.80157470703125,0.09113585203886032,0.4073399603366852
37800,1,58060800,5.341498851776123,0.299302339553833,0.010753870010375977,208.82546997070312,0.09613597393035889,0.40537694096565247
37850,1,58137600,5.662727355957031,0.35208582878112793,0.0,287.932861328125,0.049552012234926224,0.38940611481666565
37900,1,58214400,5.520010471343994,0.3191986680030823,0.008358001708984375,249.6376495361328,0.09851682186126709,0.40417900681495667
37950,1,58291200,5.591400146484375,0.3356764316558838,0.0,268.1107482910156,0.09617555141448975,0.393045574426651
38000,1,58368000,5.558884143829346,0.2974795997142792,0.0,259.5330810546875,0.06254494935274124,0.3853801190853119
38050,1,58444800,5.507702350616455,0.29662179946899414,0.0,246.58392333984375,0.07474464923143387,0.3882032632827759
38100,1,58521600,5.637326717376709,0.31391918659210205,0.0,280.7113037109375,0.08259257674217224,0.392220139503479
38150,1,58598400,5.226041316986084,0.32126814126968384,0.030785441398620605,186.05482482910156,0.09941220283508301,0.4153927266597748
38200,1,58675200,5.405176639556885,0.29544222354888916,0.0,222.5555419921875,0.14173947274684906,0.39785921573638916
38250,1,58752000,5.298771381378174,0.3191535472869873,0.0,200.0908203125,0.12579630315303802,0.3935996890068054
38300,1,58828800,5.529297351837158,0.29187458753585815,0.0,251.96681213378906,0.0848492756485939,0.39105522632598877
38350,1,58905600,5.749673366546631,0.3090302348136902,0.005097448825836182,314.08807373046875,0.06480446457862854,0.40254873037338257
38400,1,58982400,5.806857585906982,0.30875033140182495,0.05412048101425171,332.5723876953125,0.08182132989168167,0.42706024646759033
38450,1,59059200,5.73813009262085,0.28984448313713074,0.0,310.4833068847656,0.07034330815076828,0.3906567096710205
38500,1,59136000,5.64816427230835,0.2909852862358093,0.0,283.7700500488281,0.09689425677061081,0.3974364697933197
38550,1,59212800,5.386688709259033,0.3044218420982361,0.006134510040283203,218.47874450683594,0.07115068286657333,0.4030672609806061
38600,1,59289600,5.564342498779297,0.32369816303253174,0.0,260.9535827636719,0.04274166002869606,0.3943422734737396
38650,1,59366400,5.775699615478516,0.2949720621109009,0.0,322.3699035644531,0.0734802857041359,0.39716604351997375
38700,1,59443200,6.016029357910156,0.30366554856300354,0.00344085693359375,409.9476013183594,0.07265844196081161,0.40172043442726135
38750,1,59520000,5.893810272216797,0.32460224628448486,0.0,362.78497314453125,0.07340384274721146,0.39819687604904175
38800,1,59596800,5.383445739746094,0.3219180107116699,0.009938240051269531,217.77137756347656,0.07205543667078018,0.40496912598609924
38850,1,59673600,5.552839279174805,0.3127730190753937,0.0,257.968994140625,0.07595565915107727,0.39157480001449585
38900,1,59750400,5.798040866851807,0.3052625060081482,0.00339508056640625,329.6531066894531,0.06570909917354584,0.4016975462436676
38950,1,59827200,5.629447937011719,0.3038587272167206,0.01690840721130371,278.5083312988281,0.07821204513311386,0.40845420956611633
39000,1,59904000,5.617516994476318,0.32182762026786804,0.011843740940093994,275.2052001953125,0.09137123823165894,0.4059218764305115
39050,1,59980800,5.505115032196045,0.30902475118637085,0.0,245.94674682617188,0.10951024293899536,0.3923165500164032
39100,1,60057600,5.423010349273682,0.30224981904029846,0.0,226.56011962890625,0.07840272784233093,0.3725985586643219
39150,1,60134400,5.688253879547119,0.303544819355011,0.0,295.3774108886719,0.060601603239774704,0.398779034614563
39200,1,60211200,5.6312103271484375,0.29079321026802063,0.0,278.9996032714844,0.07804404944181442,0.39501136541366577
39250,1,60288000,5.304107666015625,0.29598990082740784,0.0,201.16140747070312,0.11232680082321167,0.3958562910556793
39300,1,60364800,5.391724109649658,0.2962167263031006,0.0,219.58163452148438,0.11294979602098465,0.38967493176460266
39350,1,60441600,5.227711200714111,0.32404354214668274,0.0,186.3657684326172,0.07705549895763397,0.369231253862381
39400,1,60518400,5.4297003746032715,0.2940874397754669,0.0,228.08090209960938,0.08294094353914261,0.3763636648654938
39450,1,60595200,5.359330654144287,0.2895432114601135,0.000887751579284668,212.58261108398438,0.08641287684440613,0.4004438817501068
39500,1,60672000,5.249192714691162,0.294622004032135,0.0,190.41250610351562,0.041414856910705566,0.38578465580940247
39550,1,60748800,6.177409648895264,0.3199171721935272,0.043130338191986084,481.7424621582031,0.08436727523803711,0.4215651750564575
39600,1,60825600,5.768946170806885,0.3100045919418335,0.0172843337059021,320.2001037597656,0.07020752876996994,0.4086421728134155
39650,1,60902400,5.89520263671875,0.30044788122177124,0.010334968566894531,363.29046630859375,0.0947381854057312,0.40516749024391174
39700,1,60979200,5.19000768661499,0.41074222326278687,0.0,179.4699249267578,0.09600365906953812,0.3973312973976135
39750,1,61056000,5.664259433746338,0.31902238726615906,0.0,288.37432861328125,0.07969340682029724,0.38060981035232544
39800,1,61132800,5.594058513641357,0.28298047184944153,0.0,268.8244323730469,0.08301860839128494,0.3972024917602539
39850,1,61209600,5.5902533531188965,0.3100566267967224,0.007224977016448975,267.803466796875,0.06766975671052933,0.40361249446868896
39900,1,61286400,5.337453842163086,0.29088833928108215,0.024840831756591797,207.9824981689453,0.04632863774895668,0.4124204218387604
39950,1,61363200,5.910302639007568,0.29658567905426025,0.0,368.8177795410156,0.10049661993980408,0.3971101939678192
40000,1,61440000,5.5358710289001465,0.3276473581790924,0.002366364002227783,253.6286163330078,0.051765814423561096,0.40118318796157837
40050,1,61516800,5.533985137939453,0.2876768112182617,0.021739959716796875,253.15074157714844,0.05353383347392082,0.4108699858188629
40100,1,61593600,5.717015743255615,0.28940021991729736,0.0,303.9963684082031,0.08003557473421097,0.3879842758178711
40150,1,61670400,5.362058162689209,0.3112255036830902,0.009426474571228027,213.16322326660156,0.03667581081390381,0.4047132432460785
40200,1,61747200,5.828406810760498,0.3509190082550049,0.0021660923957824707,339.8168640136719,0.06881050020456314,0.4010830521583557
40250,1,61824000,5.370604038238525,0.29721295833587646,0.0,214.99269104003906,0.07350503653287888,0.38673993945121765
40300,1,61900800,5.597554683685303,0.33634960651397705,0.0018272995948791504,269.76593017578125,0.0959419384598732,0.40091365575790405
40350,1,61977600,6.019284725189209,0.28930583596229553,0.022653579711914062,411.2843017578125,0.1156291589140892,0.4113267958164215
40400,1,62054400,5.868956089019775,0.2869139611721039,0.02154773473739624,353.87939453125,0.09452491998672485,0.4107738733291626
40450,1,62131200,5.670038223266602,0.30957308411598206,0.0,290.0456237792969,0.06218038499355316,0.3943263292312622
40500,1,62208000,5.876071929931641,0.2910054624080658,0.0009293556213378906,356.406494140625,0.08721364289522171,0.4004646837711334
40550,1,62284800,5.758541107177734,0.2845809757709503,0.0,316.88568115234375,0.0564536452293396,0.3914714455604553
40600,1,62361600,5.451655864715576,0.3271200358867645,0.0,233.14390563964844,0.07093273848295212,0.39909395575523376
40650,1,62438400,5.877737522125244,0.30006030201911926,0.008457481861114502,357.0006103515625,0.0722610354423523,0.40422874689102173
40700,1,62515200,5.485528469085693,0.310893714427948,0.0,241.17637634277344,0.07705488801002502,0.39438068866729736
40750,1,62592000,5.7548065185546875,0.33060696721076965,0.0,315.7044372558594,0.08509916067123413,0.39254194498062134
40800,1,62668800,5.532690525054932,0.29634276032447815,0.0,252.8232421875,0.10749468207359314,0.3969494700431824
40850,1,62745600,5.577685832977295,0.2808478772640228,0.0,264.4588928222656,0.08674027770757675,0.3927175998687744
40900,1,62822400,5.729611873626709,0.2875739336013794,0.02544766664505005,307.8497619628906,0.08723876625299454,0.4127238392829895
40950,1,62899200,5.370838165283203,0.27247539162635803,0.0006903409957885742,215.0430450439453,0.08821185678243637,0.40034517645835876
41000,1,62976000,5.563951015472412,0.3001364469528198,0.0,260.8514404296875,0.0696009173989296,0.3998614549636841
41050,1,63052800,5.075559616088867,0.2733270823955536,0.0,160.06173706054688,0.07337610423564911,0.39835798740386963
41100,1,63129600,5.842539310455322,0.28333085775375366,0.0,344.6534118652344,0.07205011695623398,0.3937295079231262
41150,1,63206400,5.968137264251709,0.28587105870246887,0.01576972007751465,390.7770690917969,0.10841067880392075,0.4078848659992218
41200,1,63283200,5.571993350982666,0.27593687176704407,0.0,262.9577331542969,0.08427321165800095,0.39470818638801575
41250,1,63360000,5.856252670288086,0.2692018151283264,0.006432056427001953,349.4123229980469,0.11906162649393082,0.40321603417396545
41300,1,63436800,5.508388519287109,0.286480188369751,0.0,246.753173828125,0.10257073491811752,0.3856133818626404
41350,1,63513600,5.555349826812744,0.28040367364883423,0.004744052886962891,258.617431640625,0.08471375703811646,0.4023720324039459
41400,1,63590400,5.879875659942627,0.280784547328949,0.013333916664123535,357.7647399902344,0.05323173105716705,0.40666696429252625
41450,1,63667200,5.409792423248291,0.2864002585411072,0.0,223.58518981933594,0.07435236126184464,0.38470259308815
41500,1,63744000,5.616593837738037,0.286484956741333,0.002705812454223633,274.9512634277344,0.07995643466711044,0.4013529121875763
41550,1,63820800,5.4324049949646,0.27812081575393677,0.0,228.69862365722656,0.0509553961455822,0.3968009352684021
41600,1,63897600,5.553361415863037,0.2882261574268341,0.020619869232177734,258.10369873046875,0.07027476280927658,0.41030994057655334
41650,1,63974400,5.636499404907227,0.27955687046051025,0.0017181634902954102,280.4791259765625,0.06415610760450363,0.4008590877056122
41700,1,64051200,5.621907711029053,0.2706409990787506,0.0,276.41619873046875,0.07982085645198822,0.3992060720920563
41750,1,64128000,5.759891510009766,0.27937790751457214,0.0,317.31390380859375,0.09792671352624893,0.39167195558547974
41800,1,64204800,5.292103290557861,0.2706748843193054,0.0,198.76104736328125,0.06837417930364609,0.3932591378688812
41850,1,64281600,5.289711952209473,0.27194899320602417,0.0,198.28631591796875,0.07365987449884415,0.38732725381851196
41900,1,64358400,5.429782867431641,0.28781986236572266,0.0,228.09971618652344,0.09245819598436356,0.3947538435459137
41950,1,64435200,5.4943766593933105,0.2950401306152344,0.0,243.31979370117188,0.04625457897782326,0.3939398229122162
42000,1,64512000,5.867125988006592,0.28677982091903687,0.010038256645202637,353.2323303222656,0.04897172749042511,0.4050191342830658
42050,1,64588800,5.995002746582031,0.28497135639190674,0.0,401.41778564453125,0.053453635424375534,0.3880580961704254
42100,1,64665600,5.893285274505615,0.31626108288764954,0.0,362.59454345703125,0.03157604858279228,0.39128491282463074
42150,1,64742400,5.879283905029297,0.3304206132888794,0.0,357.5531005859375,0.030330628156661987,0.3952266275882721
42200,1,64819200,5.2840189933776855,0.2655259668827057,0.016633272171020508,197.16067504882812,0.06394674628973007,0.40831664204597473
42250,1,64896000,5.837015628814697,0.278175950050354,0.0,342.7549133300781,0.06990309804677963,0.3955680727958679
42300,1,64972800,5.783628940582275,0.2913649082183838,0.012108802795410156,324.93621826171875,0.08679341524839401,0.40605440735816956
42350,1,65049600,5.608699798583984,0.28129440546035767,0.024272620677947998,272.7893371582031,0.10275069624185562,0.4121363162994385
42400,1,65126400,5.763153076171875,0.29849478602409363,0.0,318.35052490234375,0.09276514500379562,0.3865305483341217
42450,1,65203200,5.685384273529053,0.30992233753204346,0.0,294.531005859375,0.1043444275856018,0.3960946202278137
42500,1,65280000,5.509902477264404,0.3020567297935486,0.0,247.1270294189453,0.07431454211473465,0.3970171809196472
42550,1,65356800,5.44658899307251,0.30330729484558105,0.0,231.965576171875,0.048931509256362915,0.38644829392433167
42600,1,65433600,5.238422870635986,0.3036906123161316,0.0,188.37278747558594,0.06981299072504044,0.3962853252887726
42650,1,65510400,5.4665846824646,0.2683316171169281,0.0415036678314209,236.65057373046875,0.06460275501012802,0.4207518398761749
42700,1,65587200,5.836807727813721,0.27397748827934265,0.0,342.68365478515625,0.0593719482421875,0.3908894658088684
42750,1,65664000,5.676521301269531,0.2760750949382782,0.0,291.93212890625,0.0768173411488533,0.3942408859729767
42800,1,65740800,6.22300910949707,0.27704569697380066,0.015984714031219482,504.2181701660156,0.04715855419635773,0.4079923629760742
42850,1,65817600,5.578746795654297,0.2980197072029114,0.007826149463653564,264.7396240234375,0.01841263473033905,0.40391308069229126
42900,1,65894400,5.597139358520508,0.28648796677589417,0.0,269.6539306640625,0.04436268284916878,0.39341360330581665
42950,1,65971200,5.191976070404053,0.2683151662349701,0.0,179.82354736328125,0.024055875837802887,0.39668259024620056
43000,1,66048000,5.52036714553833,0.267647922039032,0.01766747236251831,249.72671508789062,0.007832168601453304,0.40883374214172363
43050,1,66124800,5.346160888671875,0.2892370820045471,0.011417925357818604,209.80130004882812,-0.0035510205198079348,0.4057089686393738
43100,1,66201600,5.628124713897705,0.2668125033378601,0.0,278.1400451660156,0.01927557773888111,0.3941599428653717
43150,1,66278400,5.402567386627197,0.27592942118644714,0.006703615188598633,221.9755859375,0.010665401816368103,0.4033518135547638
43200,1,66355200,5.643562316894531,0.2883569002151489,0.008663058280944824,282.4671630859375,0.05929432809352875,0.4043315351009369
43250,1,66432000,5.542088985443115,0.2659568786621094,0.0,255.21058654785156,0.06348178535699844,0.3863922655582428
43300,1,66508800,5.9013142585754395,0.2876199185848236,0.034239113330841064,365.5175476074219,0.06793557107448578,0.417119562625885
43350,1,66585600,5.747447967529297,0.2749135196208954,0.00026416778564453125,313.3898620605469,0.08237224817276001,0.40013208985328674
43400,1,66662400,5.524440288543701,0.2708907723426819,0.0,250.74595642089844,0.08800042420625687,0.3943580687046051
43450,1,66739200,5.616241455078125,0.2815587520599365,0.015082120895385742,274.8544006347656,0.08582033962011337,0.40754106640815735
43500,1,66816000,5.686703205108643,0.29481738805770874,0.00888979434967041,294.91973876953125,0.09917505830526352,0.4044449031352997
43550,1,66892800,5.582589626312256,0.29563331604003906,0.0,265.7589111328125,0.07082643359899521,0.3945457935333252
43600,1,66969600,5.6489081382751465,0.2629821002483368,0.0,283.981201171875,0.06810794025659561,0.39482954144477844
43650,1,67046400,5.3545308113098145,0.3161717355251312,0.0,211.564697265625,0.07841780036687851,0.393482506275177
43700,1,67123200,5.735670566558838,0.27224209904670715,0.03818178176879883,309.7205810546875,0.08967310935258865,0.4190908968448639
43750,1,67200000,5.491234302520752,0.2841252386569977,0.0342329740524292,242.55641174316406,0.08318722248077393,0.4171164929866791
43800,1,67276800,5.671658039093018,0.2808572053909302,0.0,290.51580810546875,0.05901072546839714,0.3927440941333771
43850,1,67353600,5.415289402008057,0.296944260597229,0.0,224.81759643554688,0.08918845653533936,0.3836817145347595
43900,1,67430400,5.448293209075928,0.2779156565666199,0.00599515438079834,232.36123657226562,0.06765925884246826,0.40299758315086365
43950,1,67507200,5.23063325881958,0.26227259635925293,0.0,186.9111328125,0.0837075486779213,0.39779090881347656
44000,1,67584000,5.43879508972168,0.2586539685726166,0.0,230.16468811035156,0.1039087250828743,0.3832504451274872
44050,1,67660800,5.635526180267334,0.2596931755542755,0.0,280.206298828125,0.08512993901968002,0.3985370695590973
44100,1,67737600,5.3445563316345215,0.2735613286495209,0.0,209.4649200439453,0.09246659278869629,0.39172622561454773
44150,1,67814400,5.803040981292725,0.25845301151275635,0.011271655559539795,331.3055419921875,0.08328303694725037,0.4056358337402344
44200,1,67891200,5.751084804534912,0.2599957287311554,0.027000844478607178,314.53167724609375,0.0981389656662941,0.41350042819976807
44250,1,67968000,5.531752109527588,0.250742644071579,0.008100807666778564,252.58609008789062,0.07711924612522125,0.40405040979385376
44300,1,68044800,5.267448425292969,0.29510557651519775,0.003855764865875244,193.9205322265625,0.08328205347061157,0.4019278883934021
44350,1,68121600,5.790334224700928,0.26841410994529724,0.0,327.1223449707031,0.08261805027723312,0.39999741315841675
44400,1,68198400,5.757514476776123,0.2965289354324341,0.0,316.560546875,0.10101454704999924,0.3971109986305237
44450,1,68275200,5.610517978668213,0.2640708088874817,0.0,273.2857666015625,0.06982546299695969,0.39975011348724365
44500,1,68352000,5.731997013092041,0.2716032862663269,0.0,308.58489990234375,0.10153897851705551,0.3986852467060089
44550,1,68428800,5.51770544052124,0.26517465710639954,0.018649160861968994,249.06288146972656,0.09798560291528702,0.409324586391449
44600,1,68505600,1.9407424926757812,0.2794756293296814,0.09287089109420776,6.9639201164245605,0.09697175025939941,0.44643545150756836
44650,1,68582400,5.558146953582764,0.26933881640434265,0.0,259.341796875,0.09512940049171448,0.3958341181278229
44700,1,68659200,5.693935394287109,0.2503516674041748,0.0,297.06036376953125,0.13666392862796783,0.39309731125831604
44750,1,68736000,5.513465881347656,0.2821429371833801,0.0,248.00921630859375,0.11712197214365005,0.393625944852829
44800,1,68812800,5.4475226402282715,0.2610799968242645,0.0,232.18226623535156,0.07414872944355011,0.3892339766025543
44850,1,68889600,5.739645004272461,0.2900025546550751,0.0,310.9540100097656,0.08844365924596786,0.3876451551914215
44900,1,68966400,5.6508965492248535,0.2690340578556061,0.0,284.5464782714844,0.08831649273633957,0.38369888067245483
44950,1,69043200,5.708387851715088,0.260204017162323,0.024547040462493896,301.3847961425781,0.11358320713043213,0.4122735261917114
45000,1,69120000,5.9278564453125,0.28742191195487976,0.027115285396575928,375.3490905761719,0.1029181182384491,0.41355764865875244
45050,1,69196800,5.493880748748779,0.2846533954143524,0.0,243.1991729736328,0.1011025682091713,0.3979802131652832
45100,1,69273600,5.4221954345703125,0.25846534967422485,0.005237102508544922,226.37557983398438,0.13234208524227142,0.40261855721473694
45150,1,69350400,5.465356349945068,0.26240214705467224,0.0,236.36007690429688,0.11556965857744217,0.39107540249824524
45200,1,69427200,5.466516494750977,0.2690109312534332,0.004408478736877441,236.6344451904297,0.06776610761880875,0.4022042453289032
45250,1,69504000,6.43987512588501,0.2600414752960205,0.06555557250976562,626.32861328125,0.10636535286903381,0.4327777922153473
45300,1,69580800,5.566215991973877,0.25226399302482605,0.0,261.44293212890625,0.09152606874704361,0.39268726110458374
45350,1,69657600,5.807546138763428,0.26263123750686646,0.026601791381835938,332.8014831542969,0.08572739362716675,0.41330090165138245
45400,1,69734400,5.95019006729126,0.26647862792015076,0.0,383.8262939453125,0.06811805814504623,0.3938401937484741
45450,1,69811200,5.601955890655518,0.2677324414253235,0.0,270.95587158203125,0.07500755041837692,0.3958142101764679
45500,1,69888000,5.818195819854736,0.26504138112068176,0.0,336.3646545410156,0.07601629942655563,0.3913070857524872
45550,1,69964800,5.45674467086792,0.262905478477478,0.0,234.33334350585938,0.05507221817970276,0.3981393277645111
45600,1,70041600,5.460668087005615,0.25377166271209717,0.0,235.25453186035156,0.0670519769191742,0.38586723804473877
45650,1,70118400,5.641557693481445,0.2628513276576996,0.0,281.9014892578125,0.0679449513554573,0.3987523317337036
45700,1,70195200,5.8728861808776855,0.2999543845653534,0.017872989177703857,355.2728576660156,0.07719337195158005,0.4089365005493164
45750,1,70272000,5.326141357421875,0.2428256869316101,0.0,205.64295959472656,0.0633992850780487,0.3944680690765381
45800,1,70348800,5.417784214019775,0.2780362665653229,0.0,225.37918090820312,0.05723227187991142,0.38941118121147156
45850,1,70425600,5.887565612792969,0.2577483355998993,0.0,360.52655029296875,0.06038371101021767,0.39773666858673096
45900,1,70502400,5.451574802398682,0.25442588329315186,0.0,233.12501525878906,0.048978064209222794,0.3985629379749298
45950,1,70579200,5.5307135581970215,0.2597653567790985,0.015336871147155762,252.3238983154297,0.04532521963119507,0.40766844153404236
46000,1,70656000,5.6777119636535645,0.2596402168273926,0.0,292.2799072265625,0.04636841639876366,0.38411960005760193
46050,1,70732800,5.557309627532959,0.2725294530391693,0.0,259.124755859375,0.06512051820755005,0.391217440366745
46100,1,70809600,5.904201507568359,0.28463226556777954,0.0,366.57440185546875,0.05691429600119591,0.39649713039398193
46150,1,70886400,5.763038635253906,0.2813536524772644,0.0,318.3140869140625,0.03640349581837654,0.39923328161239624
46200,1,70963200,6.0926690101623535,0.26941344141960144,0.0,442.6011657714844,0.04858621954917908,0.39278411865234375
46250,1,71040000,5.620262145996094,0.28469276428222656,0.0,275.96173095703125,0.043688204139471054,0.3887089788913727
46300,1,71116800,5.633116245269775,0.2870314121246338,0.0,279.5318603515625,0.10507246851921082,0.39725708961486816
46350,1,71193600,5.4289422035217285,0.26184186339378357,0.0,227.9080352783203,0.05691675469279289,0.3974134624004364
46400,1,71270400,5.424282073974609,0.29765111207962036,0.0,226.8484344482422,0.05531028285622597,0.39500778913497925
46450,1,71347200,5.478851795196533,0.26443082094192505,0.0,239.57147216796875,0.04385443404316902,0.39102914929389954
46500,1,71424000,5.659214019775391,0.2639942467212677,0.0,286.92303466796875,0.03273441269993782,0.3972665071487427
46550,1,71500800,5.585090160369873,0.2970903515815735,0.010118186473846436,266.4242858886719,0.027919963002204895,0.4050590991973877
46600,1,71577600,5.904775619506836,0.2605828046798706,0.0,366.7849426269531,0.04009540006518364,0.3985458314418793
46650,1,71654400,5.981592655181885,0.25829142332077026,0.009324312210083008,396.0706481933594,0.04296358302235603,0.404662162065506
46700,1,71731200,5.526945114135742,0.28156617283821106,0.0,251.3748016357422,0.03690003603696823,0.39148351550102234
46750,1,71808000,5.557087421417236,0.26657429337501526,0.0,259.0671691894531,0.024850299581885338,0.39375507831573486
46800,1,71884800,5.666893482208252,0.2883911728858948,0.0,289.13494873046875,0.06758779287338257,0.39990055561065674
46850,1,71961600,5.333330154418945,0.27699869871139526,0.0,207.12660217285156,0.07648652046918869,0.39930835366249084
46900,1,72038400,5.479200839996338,0.2841535806655884,0.017883896827697754,239.65512084960938,0.07527653872966766,0.40894195437431335
46950,1,72115200,5.291820049285889,0.2606053948402405,0.0,198.7047576904297,0.0837417021393776,0.3975575864315033
47000,1,72192000,5.639641284942627,0.2836751937866211,0.02570408582687378,281.36175537109375,0.06324706971645355,0.41285204887390137
47050,1,72268800,5.414878845214844,0.28221389651298523,0.0,224.72532653808594,0.059746112674474716,0.3948684334754944
47100,1,72345600,5.46287202835083,0.2550625801086426,0.004812300205230713,235.7736053466797,0.0808212086558342,0.40240615606307983
47150,1,72422400,5.419086933135986,0.29279929399490356,0.013023018836975098,225.6729736328125,0.03594691678881645,0.406511515378952
47200,1,72499200,5.3836798667907715,0.26988157629966736,0.0,217.82235717773438,0.03900254890322685,0.3753502666950226
47250,1,72576000,5.595462322235107,0.27740007638931274,0.016010284423828125,269.20208740234375,0.08179730921983719,0.40800514817237854
47300,1,72652800,5.687473297119141,0.2637874484062195,0.02424323558807373,295.1469421386719,0.08631599694490433,0.41212162375450134
47350,1,72729600,5.771660327911377,0.25145381689071655,0.014970779418945312,321.0704040527344,0.03974955156445503,0.40748539566993713
47400,1,72806400,5.3156819343566895,0.2684262990951538,0.0,203.5032501220703,0.06747720390558243,0.39892157912254333
47450,1,72883200,5.532226085662842,0.2824825346469879,0.0,252.70584106445312,0.07305514067411423,0.3986786901950836
47500,1,72960000,5.3562469482421875,0.25147441029548645,0.019990742206573486,211.92808532714844,0.09429235011339188,0.4099953770637512
47550,1,73036800,5.456150054931641,0.26193031668663025,0.0,234.1940460205078,0.10408865660429001,0.39533621072769165
47600,1,73113600,5.328496932983398,0.24226045608520508,0.0,206.12791442871094,0.12310578674077988,0.3972465693950653
47650,1,73190400,5.291172504425049,0.2690737247467041,0.0038380026817321777,198.57614135742188,0.13788941502571106,0.40191900730133057
47700,1,73267200,5.40304708480835,0.27525514364242554,0.0,222.08209228515625,0.11160686612129211,0.39064353704452515
47750,1,73344000,5.3559441566467285,0.2599794268608093,0.013066470623016357,211.86392211914062,0.0844372883439064,0.40653324127197266
47800,1,73420800,5.008568286895752,0.2616238296031952,0.0,149.6902618408203,0.06767473369836807,0.39169833064079285
47850,1,73497600,5.661299228668213,0.26150718331336975,0.0,287.52197265625,0.09649880975484848,0.39740505814552307
47900,1,73574400,5.207253932952881,0.3143025040626526,0.03344827890396118,182.5919647216797,0.11476259678602219,0.41672414541244507
47950,1,73651200,5.228947162628174,0.27831828594207764,0.02392512559890747,186.59625244140625,0.1006196066737175,0.4119625687599182
48000,1,73728000,5.594444751739502,0.2774633467197418,0.03529620170593262,268.92828369140625,0.0759115144610405,0.4176481068134308
48050,1,73804800,5.981733798980713,0.28055885434150696,0.011877894401550293,396.1265563964844,0.10365217924118042,0.4059389531612396
48100,1,73881600,5.698510646820068,0.25956472754478455,0.0027246475219726562,298.422607421875,0.09429332613945007,0.4013623297214508
48150,1,73958400,5.806034088134766,0.27316969633102417,0.0,332.29864501953125,0.09408026933670044,0.39954572916030884
48200,1,74035200,5.274266719818115,0.2678965926170349,0.0,195.24725341796875,0.0895293578505516,0.39803314208984375
48250,1,74112000,4.878551483154297,0.27950695157051086,0.0,131.4401397705078,0.07315167784690857,0.38938435912132263
48300,1,74188800,5.416175842285156,0.27116087079048157,0.0,225.0169677734375,0.08057897537946701,0.3977276086807251
48350,1,74265600,5.690195560455322,0.28353190422058105,0.0,295.95147705078125,0.04522043094038963,0.3995625674724579
48400,1,74342400,5.215950012207031,0.26757198572158813,0.0,184.18673706054688,0.05987723171710968,0.3856727182865143
48450,1,74419200,5.786434173583984,0.26952028274536133,0.019583582878112793,325.8490295410156,0.0807608962059021,0.4097917973995209
48500,1,74496000,5.325929164886475,0.26386699080467224,0.0,205.5993194580078,0.04114118590950966,0.3905332386493683
48550,1,74572800,5.432586669921875,0.250401109457016,0.0,228.7401580810547,0.0601649284362793,0.39097484946250916
48600,1,74649600,5.634322643280029,0.25111183524131775,0.0,279.8692932128906,0.09481832385063171,0.38785621523857117
48650,1,74726400,5.661556243896484,0.2746094763278961,0.0,287.5958557128906,0.09314065426588058,0.3952335715293884
48700,1,74803200,5.575021743774414,0.2648974657058716,0.0,263.7552795410156,0.1111283004283905,0.39912497997283936
48750,1,74880000,5.278295993804932,0.2592904567718506,0.0,196.03553771972656,0.10831133276224136,0.3837539255619049
48800,1,74956800,5.596042633056641,0.2881256341934204,0.009142577648162842,269.35833740234375,0.11240891367197037,0.4045712947845459
48850,1,75033600,5.350364685058594,0.2636008858680725,0.0,210.68511962890625,0.09552716463804245,0.3742097020149231
48900,1,75110400,5.570276737213135,0.27487608790397644,0.01471710205078125,262.5067138671875,0.06450788676738739,0.4073585569858551
48950,1,75187200,5.193213939666748,0.25548169016838074,0.011891663074493408,180.04629516601562,0.07171989232301712,0.4059458374977112
49000,1,75264000,5.3663716316223145,0.26794731616973877,0.008008182048797607,214.08468627929688,0.06114380434155464,0.4040040969848633
49050,1,75340800,5.543361663818359,0.2501404881477356,0.0,255.53558349609375,0.07764753699302673,0.39388513565063477
49100,1,75417600,5.739757061004639,0.2696465253829956,0.0002034306526184082,310.9888610839844,0.08191021531820297,0.4001017212867737
49150,1,75494400,4.947038173675537,0.2552507519721985,0.0,140.7574462890625,0.06469745188951492,0.3785618245601654
49200,1,75571200,5.520169734954834,0.2600499987602234,0.010685563087463379,249.67739868164062,0.07682176679372787,0.40534278750419617
49250,1,75648000,6.096035480499268,0.26712679862976074,0.006766378879547119,444.09368896484375,0.05604343116283417,0.40338319540023804
49300,1,75724800,5.690042972564697,0.24868889153003693,0.02160501480102539,295.9063415527344,0.05772325396537781,0.4108025133609772
49350,1,75801600,5.336533069610596,0.25735408067703247,0.05200105905532837,207.7910614013672,0.020540589466691017,0.42600053548812866
49400,1,75878400,5.684497833251953,0.2570025324821472,0.0,294.2700500488281,0.05434438958764076,0.3998926281929016
49450,1,75955200,5.5689616203308105,0.25363653898239136,0.0,262.1617126464844,0.039263900369405746,0.39393267035484314
49500,1,76032000,5.2445454597473145,0.29047292470932007,0.0,189.52964782714844,0.05386615917086601,0.38674435019493103
49550,1,76108800,5.109655380249023,0.2821506857872009,0.0,165.61328125,0.053669970482587814,0.3956798017024994
49600,1,76185600,5.50363302230835,0.27530601620674133,0.0,245.58253479003906,0.07625593990087509,0.38244348764419556
49650,1,76262400,5.344886779785156,0.328586220741272,0.03396952152252197,209.53416442871094,0.05487082526087761,0.41698476672172546
49700,1,76339200,6.219684600830078,0.2558729648590088,0.021356046199798584,502.544677734375,0.050021350383758545,0.41067802906036377
49750,1,76416000,5.1814284324646,0.25447916984558105,0.017933368682861328,177.93679809570312,0.06585972756147385,0.40896669030189514
49800,1,76492800,5.403236389160156,0.2571903467178345,0.0,222.12413024902344,0.0854802057147026,0.38398849964141846
49850,1,76569600,6.038707733154297,0.24656319618225098,0.028422892093658447,419.3507995605469,0.05843588337302208,0.4142114520072937
49900,1,76646400,5.581746578216553,0.28403836488723755,0.0,265.53497314453125,0.07006172090768814,0.3928934633731842
49950,1,76723200,5.442943096160889,0.2682209610939026,0.00015604496002197266,231.12139892578125,0.06287271529436111,0.40007802844047546
50000,1,76800000,5.393702983856201,0.2689444124698639,0.0,220.0166015625,0.05364692583680153,0.38812023401260376
50050,1,76876800,5.297199249267578,0.24661390483379364,0.0,199.7764892578125,0.0766034945845604,0.3897421658039093
50100,1,76953600,5.572628021240234,0.28453290462493896,0.02890723943710327,263.12469482421875,0.045745909214019775,0.4144536256790161
50150,1,77030400,5.24994421005249,0.2545808255672455,0.0,190.55563354492188,0.06462375074625015,0.39896872639656067
50200,1,77107200,5.340179443359375,0.27035483717918396,0.0,208.5501251220703,0.027193957939743996,0.3943507969379425
50250,1,77184000,5.446390628814697,0.2668900489807129,0.03089064359664917,231.91957092285156,0.04567977413535118,0.41544532775878906
50300,1,77260800,5.574750900268555,0.24677391350269318,0.0,263.6838684082031,0.04816922917962074,0.3862196207046509
50350,1,77337600,4.889570713043213,0.2701362073421478,0.008128762245178223,132.89651489257812,0.052011340856552124,0.4040643870830536
50400,1,77414400,5.5910210609436035,0.2612552046775818,0.02759629487991333,268.0091247558594,0.06324031203985214,0.41379815340042114
50450,1,77491200,5.420657634735107,0.24896550178527832,0.02912890911102295,226.02772521972656,0.02759147249162197,0.41456446051597595
50500,1,77568000,5.410404205322266,0.265200674533844,0.0,223.72201538085938,0.026660926640033722,0.39226144552230835
50550,1,77644800,5.720947265625,0.2597469091415405,0.030388712882995605,305.1938781738281,0.02782466821372509,0.4151943624019623
50600,1,77721600,5.674715042114258,0.2557065486907959,0.010100007057189941,291.4053039550781,0.05886729434132576,0.40505000948905945
50650,1,77798400,5.102810382843018,0.2517582178115845,0.0,164.48350524902344,0.04933754727244377,0.3883034288883209
50700,1,77875200,4.762866497039795,0.259206622838974,0.015499293804168701,117.08106231689453,0.03989209607243538,0.40774965286254883
50750,1,77952000,5.266445636749268,0.25270456075668335,0.0,193.72616577148438,0.02626882493495941,0.39538314938545227
50800,1,78028800,5.226322174072266,0.28130853176116943,0.0036542415618896484,186.10708618164062,0.014838268049061298,0.4018271267414093
50850,1,78105600,5.632928371429443,0.2572709918022156,0.017119288444519043,279.4793395996094,0.009623666293919086,0.408559650182724
50900,1,78182400,5.438087463378906,0.2739378809928894,0.0,230.0018768310547,0.025294801220297813,0.39214909076690674
50950,1,78259200,5.51804780960083,0.2797338664531708,0.0,249.148193359375,0.0489712618291378,0.394182950258255
51000,1,78336000,5.679119110107422,0.2720344662666321,0.028278350830078125,292.6914978027344,0.04076635465025902,0.41413918137550354
51050,1,78412800,5.2995734214782715,0.2771489918231964,0.012742042541503906,200.25135803222656,0.052817851305007935,0.40637102723121643
51100,1,78489600,5.5812249183654785,0.24367466568946838,0.0,265.396484375,0.021143143996596336,0.39374056458473206
51150,1,78566400,5.773723125457764,0.25940021872520447,0.0,321.7333679199219,0.02749231457710266,0.3858335316181183
51200,1,78643200,5.584214687347412,0.26549652218818665,0.0,266.191162109375,0.03499557822942734,0.3989882469177246
51250,1,78720000,5.518798828125,0.254993736743927,0.0,249.33535766601562,0.017210450023412704,0.39863094687461853
51300,1,78796800,5.711270809173584,0.3041839897632599,0.028308451175689697,302.2549133300781,0.01403821911662817,0.4141542315483093
51350,1,78873600,5.6435980796813965,0.2645077109336853,0.0,282.4772644042969,0.014872469007968903,0.3967536985874176
51400,1,78950400,5.541067123413086,0.26533058285713196,0.01274198293685913,254.94992065429688,0.01045949012041092,0.40637099742889404
51450,1,79027200,5.562623500823975,0.2588983476161957,0.0,260.50537109375,0.02834106981754303,0.3909122943878174
51500,1,79104000,5.34656286239624,0.2624463438987732,0.0,209.88565063476562,0.018501490354537964,0.3983328640460968
51550,1,79180800,5.615625858306885,0.26452499628067017,0.030272185802459717,274.68524169921875,0.022316476330161095,0.41513609886169434
51600,1,79257600,5.849207401275635,0.26819926500320435,0.013705015182495117,346.9592590332031,0.04353776574134827,0.40685251355171204
51650,1,79334400,5.541954517364502,0.253218412399292,0.0,255.17625427246094,0.01645614393055439,0.39916253089904785
51700,1,79411200,5.597147464752197,0.25726279616355896,0.0,269.6560974121094,0.053252071142196655,0.3898311257362366
51750,1,79488000,5.928591251373291,0.31979435682296753,0.0,375.625,0.027142668142914772,0.3917979598045349
51800,1,79564800,5.486455917358398,0.2966570556163788,0.0,241.40016174316406,0.03290759027004242,0.399782657623291
51850,1,79641600,5.61767578125,0.2585355043411255,0.002751171588897705,275.2489013671875,0.017387328669428825,0.40137559175491333
51900,1,79718400,5.676046371459961,0.254232257604599,0.0,291.79351806640625,0.02453465759754181,0.39566102623939514
51950,1,79795200,5.818321704864502,0.24972037971019745,0.009961307048797607,336.406982421875,0.04604927822947502,0.4049806594848633
52000,1,79872000,5.542855739593506,0.25495702028274536,0.0,255.40634155273438,0.05405851826071739,0.38722267746925354
52050,1,79948800,5.714017391204834,0.29110515117645264,0.0014621615409851074,303.08624267578125,0.04081951081752777,0.40073108673095703
52100,1,80025600,5.713706970214844,0.26271963119506836,0.008697330951690674,302.9921569824219,0.035792674869298935,0.4043486714363098
52150,1,80102400,5.4057440757751465,0.25782591104507446,0.0,222.68185424804688,0.057923536747694016,0.39010515809059143
52200,1,80179200,5.386756896972656,0.27508848905563354,0.0,218.49363708496094,0.030553549528121948,0.39221420884132385
52250,1,80256000,5.690402507781982,0.27233606576919556,0.015228688716888428,296.01275634765625,0.05746722221374512,0.4076143503189087
52300,1,80332800,5.676649570465088,0.2793653607368469,0.0012072920799255371,291.9695739746094,0.047834817320108414,0.40060365200042725
52350,1,80409600,5.683244228363037,0.2520608603954315,0.0,293.9013671875,0.03553605079650879,0.3901441693305969
52400,1,80486400,5.6877899169921875,0.25435271859169006,0.0,295.24041748046875,0.05761917307972908,0.3952597975730896
52450,1,80563200,5.519594669342041,0.2687179744243622,0.0,249.53387451171875,0.0528615303337574,0.3852004110813141
52500,1,80640000,5.605409622192383,0.24914279580116272,0.010432422161102295,271.8932800292969,0.05650648847222328,0.4052162170410156
52550,1,80716800,5.534285068511963,0.2545199394226074,0.015243589878082275,253.2266845703125,0.014993138611316681,0.4076218008995056
52600,1,80793600,5.147193908691406,0.26394081115722656,0.011457383632659912,171.9483184814453,0.015972480177879333,0.40572869777679443
52650,1,80870400,5.750808238983154,0.2573181092739105,0.0005396604537963867,314.4447021484375,0.046534519642591476,0.40026983618736267
52700,1,80947200,5.550483226776123,0.25038066506385803,0.0,257.3619079589844,0.0465804748237133,0.3956250250339508
52750,1,81024000,5.705137252807617,0.2697601914405823,0.00400465726852417,300.4067077636719,0.04519552364945412,0.40200233459472656
52800,1,81100800,5.536564350128174,0.2651883661746979,0.0,253.80450439453125,0.014805016107857227,0.3945090174674988
52850,1,81177600,5.429715633392334,0.27657827734947205,0.010831892490386963,228.0843963623047,0.022269925102591515,0.40541595220565796
52900,1,81254400,5.485645294189453,0.2766477167606354,0.0044280290603637695,241.20455932617188,0.024919087067246437,0.40221402049064636
52950,1,81331200,5.724900722503662,0.2755788564682007,0.0,306.40283203125,0.0567004568874836,0.38174596428871155
53000,1,81408000,5.853895664215088,0.24576467275619507,0.0,348.5897216796875,0.046252135187387466,0.39173904061317444
53050,1,81484800,5.494095325469971,0.25834375619888306,0.0,243.25137329101562,0.07413577288389206,0.3965723514556885
53100,1,81561600,5.527534008026123,0.24950918555259705,0.01261591911315918,251.52288818359375,0.06083925440907478,0.40630796551704407
53150,1,81638400,5.359705448150635,0.24891003966331482,0.0,212.66229248046875,0.07163853198289871,0.3933628499507904
53200,1,81715200,5.5368781089782715,0.27562180161476135,0.0,253.88417053222656,0.06279326230287552,0.3997659683227539
53250,1,81792000,5.45349645614624,0.2572453022003174,0.0,233.57342529296875,0.05540547892451286,0.398782879114151
53300,1,81868800,5.705735683441162,0.285481721162796,0.014153003692626953,300.5865173339844,0.07236476987600327,0.40707650780677795
53350,1,81945600,5.6514129638671875,0.24424441158771515,0.0,284.69342041015625,0.060616929084062576,0.39778953790664673
53400,1,82022400,5.389766216278076,0.24523979425430298,0.013340294361114502,219.15216064453125,0.033428676426410675,0.40667015314102173
53450,1,82099200,5.8931708335876465,0.24921737611293793,0.033499956130981445,362.55303955078125,0.060497164726257324,0.4167499840259552
53500,1,82176000,5.10648775100708,0.276162326335907,0.0,165.08950805664062,0.04047195240855217,0.3953626751899719
53550,1,82252800,5.740413665771484,0.27069661021232605,0.015004634857177734,311.193115234375,0.09745383262634277,0.40750232338905334
53600,1,82329600,5.571141719818115,0.24626204371452332,0.0,262.73388671875,0.05580735206604004,0.3908694088459015
53650,1,82406400,5.3258209228515625,0.2589332163333893,0.02738136053085327,205.5770721435547,0.06998487561941147,0.4136906862258911
53700,1,82483200,5.7005438804626465,0.255520224571228,0.0,299.0299987792969,0.07320433855056763,0.3970683813095093
53750,1,82560000,5.482471942901611,0.24935075640678406,0.005801856517791748,240.44033813476562,0.04000541567802429,0.40290093421936035
53800,1,82636800,5.535477161407471,0.2493257373571396,0.0041942596435546875,253.5287322998047,0.07686180621385574,0.4020971357822418
53850,1,82713600,5.6764397621154785,0.26296401023864746,0.0,291.9083251953125,0.07050427794456482,0.3983035087585449
53900,1,82790400,5.574795246124268,0.2500612139701843,0.0,263.695556640625,0.09259972721338272,0.3986774682998657
53950,1,82867200,5.779240131378174,0.23986074328422546,0.0,323.5132751464844,0.07936474680900574,0.39001020789146423
54000,1,82944000,5.680795192718506,0.2920610308647156,0.0,293.1824645996094,0.03584014251828194,0.3981993794441223
54050,1,83020800,5.919246673583984,0.3023940622806549,0.0,372.13128662109375,0.07202301174402237,0.38072505593299866
54100,1,83097600,4.600820064544678,0.32154709100723267,0.005753993988037109,99.56593322753906,0.06447219103574753,0.40287700295448303
54150,1,83174400,5.682523250579834,0.29492467641830444,0.006144583225250244,293.6895446777344,0.07432729750871658,0.4030722975730896
54200,1,83251200,5.2070441246032715,0.2507467567920685,0.0,182.5536651611328,0.057257357984781265,0.3924807906150818
54250,1,83328000,5.443690776824951,0.23655913770198822,0.032457828521728516,231.29428100585938,0.06782694905996323,0.41622892022132874
54300,1,83404800,5.708330154418945,0.24779286980628967,0.0,301.367431640625,0.05584331974387169,0.394477516412735
54350,1,83481600,5.496484279632568,0.2514457106590271,0.0,243.8331756591797,0.05388374999165535,0.3929533064365387
54400,1,83558400,5.696371555328369,0.26098087430000305,0.0,297.784912109375,0.053556039929389954,0.3967583477497101
54450,1,83635200,5.741540431976318,0.25194090604782104,0.0,311.5439453125,0.07113637030124664,0.3992157578468323
54500,1,83712000,5.395977020263672,0.23466503620147705,0.0,220.5175018310547,0.09388559311628342,0.38647785782814026
54550,1,83788800,5.851139545440674,0.24250304698944092,0.015712738037109375,347.6302795410156,0.06511261314153671,0.40785637497901917
54600,1,83865600,5.318851947784424,0.251958966255188,0.0064362287521362305,204.14938354492188,0.07047446817159653,0.4032181203365326
54650,1,83942400,5.547702789306641,0.25350308418273926,0.0,256.6473083496094,0.08661114424467087,0.39166319370269775
54700,1,84019200,5.44298791885376,0.23775705695152283,0.0047702789306640625,231.1317596435547,0.07885077595710754,0.4023851454257965
54750,1,84096000,5.671297073364258,0.25716641545295715,0.0,290.4109802246094,0.06727458536624908,0.38869285583496094
54800,1,84172800,5.549777984619141,0.2620997428894043,0.0,257.1804504394531,0.07542753964662552,0.39476409554481506
54850,1,84249600,5.447595596313477,0.27078819274902344,0.0,232.19920349121094,0.07855633646249771,0.39312317967414856
54900,1,84326400,5.540808200836182,0.2583695650100708,0.0,254.8839111328125,0.1077931821346283,0.3947470784187317
54950,1,84403200,5.796797275543213,0.24668249487876892,0.0006794929504394531,329.243408203125,0.11699122935533524,0.4003397524356842
55000,1,84480000,5.394969940185547,0.25438037514686584,0.002621591091156006,220.2955322265625,0.10032374411821365,0.4013108015060425
55050,1,84556800,5.820496082305908,0.24634376168251038,0.003976404666900635,337.1392822265625,0.1046372577548027,0.4019882082939148
55100,1,84633600,5.5928473472595215,0.2678792178630829,0.015476882457733154,268.4990234375,0.09933969378471375,0.40773844718933105
55150,1,84710400,5.442354679107666,0.26395562291145325,0.00685650110244751,230.98544311523438,0.0783361867070198,0.40342825651168823
55200,1,84787200,5.6189866065979,0.2787579894065857,0.0,275.6099548339844,0.06108887121081352,0.3916279375553131
55250,1,84864000,5.601381778717041,0.2501373589038849,0.005676388740539551,270.80035400390625,0.076761893928051,0.40283820033073425
55300,1,84940800,5.833654880523682,0.2629481256008148,0.0,341.60491943359375,0.05621230602264404,0.39162975549697876
55350,1,85017600,5.731009006500244,0.2629329562187195,0.004894912242889404,308.2801818847656,0.06858338415622711,0.4024474620819092
55400,1,85094400,5.552268981933594,0.24334301054477692,0.0,257.8218994140625,0.0725153461098671,0.39242273569107056
55450,1,85171200,5.563531875610352,0.2681673765182495,0.0,260.74212646484375,0.08573537319898605,0.37371382117271423
55500,1,85248000,5.555811405181885,0.24375128746032715,0.0,258.73681640625,0.07565204799175262,0.3989156186580658
55550,1,85324800,5.451634883880615,0.26634588837623596,0.0,233.13902282714844,0.09753748029470444,0.39085453748703003
55600,1,85401600,5.593173980712891,0.24606996774673462,0.0,268.5867614746094,0.08613324910402298,0.3913210332393646
55650,1,85478400,5.5425705909729,0.2562446594238281,0.002816319465637207,255.33351135253906,0.08769867569208145,0.4014081656932831
55700,1,85555200,5.846350193023682,0.25649493932724,0.007111966609954834,345.9693603515625,0.0872320905327797,0.4035559892654419
55750,1,85632000,5.712717533111572,0.2545130252838135,0.0,302.6925354003906,0.08974765986204147,0.397745817899704
55800,1,85708800,5.545803546905518,0.2512435019016266,0.0,256.16033935546875,0.07115457206964493,0.397280752658844
55850,1,85785600,5.347087860107422,0.25535649061203003,0.0,209.99586486816406,0.06210833415389061,0.39998555183410645
55900,1,85862400,5.8576340675354,0.2556021213531494,0.0,349.89532470703125,0.05638052150607109,0.3978235423564911
55950,1,85939200,5.170353889465332,0.24742481112480164,0.0,175.97711181640625,0.0495649017393589,0.399274080991745
56000,1,86016000,5.330174922943115,0.2527255117893219,0.0,206.47409057617188,0.04205590486526489,0.3955099284648895
56050,1,86092800,5.233649253845215,0.3010740578174591,0.00036513805389404297,187.47569274902344,0.058822277933359146,0.4001825749874115
56100,1,86169600,5.191440105438232,0.24301788210868835,0.0,179.72718811035156,0.05903400853276253,0.3948644697666168
56150,1,86246400,5.644584655761719,0.23371079564094543,0.0,282.756103515625,0.058727044612169266,0.3875068128108978
56200,1,86323200,5.5630202293396,0.25345516204833984,0.019551515579223633,260.6087646484375,0.0594446063041687,0.4097757637500763
56250,1,86400000,5.347072124481201,0.24426116049289703,0.0,209.99256896972656,0.047837015241384506,0.39758265018463135
56300,1,86476800,5.673839092254639,0.2720824182033539,0.0,291.150146484375,0.04501555487513542,0.387631356716156
56350,1,86553600,5.657581329345703,0.2683607041835785,0.0017639994621276855,286.4549560546875,0.05987335741519928,0.4008820056915283
56400,1,86630400,5.3065314292907715,0.23686641454696655,0.0,201.6495819091797,0.04541780427098274,0.39731302857398987
56450,1,86707200,5.646296977996826,0.24738571047782898,0.01785343885421753,283.2406921386719,0.05370284244418144,0.40892672538757324
56500,1,86784000,5.229558944702148,0.25444096326828003,0.0,186.71044921875,0.03599753603339195,0.3982999920845032
56550,1,86860800,5.852567195892334,0.24203646183013916,0.0,348.126953125,0.04630708694458008,0.39568084478378296
56600,1,86937600,5.6277756690979,0.25537776947021484,0.0056989192962646484,278.04296875,0.05654951557517052,0.4028494656085968
56650,1,87014400,5.359046459197998,0.24229225516319275,0.0,212.522216796875,0.047571826726198196,0.39795124530792236
56700,1,87091200,5.657047271728516,0.25418296456336975,0.028348863124847412,286.3020324707031,0.08708610385656357,0.4141744375228882
56750,1,87168000,5.575663089752197,0.24834412336349487,0.0,263.92449951171875,0.07107343524694443,0.39903655648231506
56800,1,87244800,5.332364559173584,0.25376611948013306,0.0,206.9266815185547,0.07169415056705475,0.38182348012924194
56850,1,87321600,5.420919895172119,0.25585517287254333,0.0,226.08700561523438,0.0478554330766201,0.39523541927337646
56900,1,87398400,5.4384942054748535,0.25611621141433716,0.004789948463439941,230.095458984375,0.0500287301838398,0.40239498019218445
56950,1,87475200,5.407926082611084,0.251572847366333,0.0,223.1682891845703,0.050408050417900085,0.3863559365272522
57000,1,87552000,5.510545253753662,0.24432452023029327,0.0,247.2859344482422,0.05388115718960762,0.39965343475341797
57050,1,87628800,5.620523929595947,0.24193137884140015,0.007255196571350098,276.0339660644531,0.04622451961040497,0.4036276042461395
57100,1,87705600,5.928066253662109,0.2701053023338318,0.009890437126159668,375.4278259277344,0.0653109923005104,0.4049452245235443
57150,1,87782400,5.81627082824707,0.23195485770702362,0.0,335.7177734375,0.04477844759821892,0.39174801111221313
57200,1,87859200,5.41187047958374,0.2509934902191162,0.015025854110717773,224.05029296875,0.02778918482363224,0.40751293301582336
57250,1,87936000,5.790389537811279,0.23766624927520752,0.0,327.14044189453125,0.013865664601325989,0.3753397762775421
57300,1,88012800,5.644693851470947,0.2588930130004883,0.0,282.7869567871094,0.02245953492820263,0.38795363903045654
57350,1,88089600,5.22898530960083,0.23360148072242737,0.0,186.60336303710938,0.026888621971011162,0.39765146374702454
57400,1,88166400,5.065359592437744,0.23530790209770203,0.0108070969581604,158.43739318847656,0.029648950323462486,0.4054035544395447
57450,1,88243200,5.587802886962891,0.24171331524848938,0.0,267.14801025390625,0.023814698681235313,0.3826151192188263
57500,1,88320000,5.667917728424072,0.30884116888046265,0.0,289.43121337890625,0.02478414960205555,0.3811415135860443
57550,1,88396800,5.6250786781311035,0.24004590511322021,0.0,277.29412841796875,0.040854573249816895,0.3943186402320862
57600,1,88473600,5.677268981933594,0.2449246644973755,0.0,292.15045166015625,-0.0008943316643126309,0.38962021470069885
57650,1,88550400,5.51398229598999,0.262630820274353,0.0,248.1373291015625,0.05734735727310181,0.3990525007247925
57700,1,88627200,5.388951778411865,0.24598106741905212,0.0,218.97372436523438,0.03753954917192459,0.3955537676811218
57750,1,88704000,5.909976482391357,0.2275668978691101,0.013524651527404785,368.697509765625,0.04129309579730034,0.40676233172416687
57800,1,88780800,5.534061431884766,0.25479012727737427,0.016824066638946533,253.17007446289062,0.03429877758026123,0.40841203927993774
57850,1,88857600,5.462070941925049,0.2433435469865799,0.0,235.5847930908203,0.02345213294029236,0.38263434171676636
57900,1,88934400,5.405026912689209,0.24652591347694397,0.006707668304443359,222.522216796875,0.04936131834983826,0.40335384011268616
57950,1,89011200,5.663608074188232,0.27092480659484863,0.0,288.1865539550781,0.03453809395432472,0.3928498923778534
58000,1,89088000,5.490386962890625,0.2375100702047348,0.0,242.35096740722656,0.059782642871141434,0.3991970121860504
58050,1,89164800,5.556234836578369,0.255365788936615,0.0,258.84637451171875,0.03454124927520752,0.39305946230888367
58100,1,89241600,5.474287509918213,0.2444269061088562,0.0,238.48048400878906,0.05358651280403137,0.398785263299942
58150,1,89318400,5.912301540374756,0.2368294894695282,0.05228400230407715,369.55572509765625,0.047035638242959976,0.42614200711250305
58200,1,89395200,5.350405216217041,0.24394609034061432,0.0,210.69366455078125,0.034418631345033646,0.38684239983558655
58250,1,89472000,5.508592128753662,0.228407621383667,0.004054546356201172,246.8034210205078,0.043881502002477646,0.40202727913856506
58300,1,89548800,5.430136203765869,0.27623414993286133,0.0,228.18032836914062,0.04125801846385002,0.3957460820674896
58350,1,89625600,5.434700012207031,0.2365092635154724,0.007975220680236816,229.22409057617188,0.05879856273531914,0.4039876163005829
58400,1,89702400,5.5151190757751465,0.24307787418365479,0.0,248.4195556640625,0.0453791506588459,0.38995420932769775
58450,1,89779200,5.346827983856201,0.25606101751327515,0.0,209.94129943847656,0.059696096926927567,0.39883148670196533
58500,1,89856000,5.421271800994873,0.24787600338459015,0.0,226.1665802001953,0.04806923866271973,0.3822910189628601
58550,1,89932800,5.574682235717773,0.22974306344985962,0.017334282398223877,263.6657409667969,0.03236353397369385,0.4086671471595764
58600,1,90009600,5.634321212768555,0.2668182849884033,0.0,279.868896484375,0.03919760510325432,0.39134830236434937
58650,1,90086400,5.5453948974609375,0.29411885142326355,0.0024917125701904297,256.0556640625,0.05031922087073326,0.4012458622455597
58700,1,90163200,5.466227054595947,0.2292337715625763,0.0,236.56594848632812,0.03529772534966469,0.390386164188385
58750,1,90240000,5.444065570831299,0.2593019902706146,0.0,231.38096618652344,0.043948959559202194,0.395563006401062
58800,1,90316800,5.5749125480651855,0.25262200832366943,0.0,263.72650146484375,0.0735679343342781,0.38048630952835083
58850,1,90393600,5.519612789154053,0.2591214179992676,0.016396939754486084,249.53839111328125,0.06928760558366776,0.4081984758377075
58900,1,90470400,5.371358394622803,0.23222315311431885,0.0,215.15492248535156,0.042672883719205856,0.3992539942264557
58950,1,90547200,5.916243076324463,0.23124989867210388,0.0,371.01519775390625,0.030383357778191566,0.39990919828414917
59000,1,90624000,5.593923091888428,0.2434941977262497,0.0,268.78802490234375,0.05116737261414528,0.39259639382362366
59050,1,90700800,5.680961608886719,0.24405573308467865,0.0,293.23126220703125,0.03257148712873459,0.3980272710323334
59100,1,90777600,5.355556488037109,0.28025609254837036,0.02538210153579712,211.7818145751953,0.03658689185976982,0.41269105672836304
59150,1,90854400,5.52225923538208,0.27397191524505615,0.015308856964111328,250.1996612548828,0.03805292025208473,0.40765443444252014
59200,1,90931200,5.47427225112915,0.2541477382183075,0.012865960597991943,238.4768524169922,-0.0007664958829991519,0.40643298625946045
59250,1,91008000,5.933917999267578,0.2419952154159546,0.014153540134429932,377.6311950683594,0.02097460627555847,0.40707677602767944
59300,1,91084800,5.637580871582031,0.277792751789093,0.0,280.78265380859375,0.008273136802017689,0.3795144855976105
59350,1,91161600,5.762710094451904,0.24841980636119843,0.01036226749420166,318.20953369140625,0.00615214928984642,0.4051811397075653
59400,1,91238400,5.319140911102295,0.23239761590957642,0.0,204.2083740234375,0.015711529180407524,0.391899049282074
59450,1,91315200,5.398644924163818,0.24886348843574524,0.0,221.1066131591797,-0.004939740989357233,0.3961995542049408
59500,1,91392000,5.421328067779541,0.23511271178722382,0.0,226.17930603027344,0.016750531271100044,0.38560402393341064
59550,1,91468800,5.324782848358154,0.23297244310379028,0.0,205.36376953125,0.011626259423792362,0.3962593376636505
59600,1,91545600,5.582736492156982,0.22762151062488556,0.0,265.7979736328125,0.025462359189987183,0.39621859788894653
59650,1,91622400,5.737877368927002,0.2302660048007965,0.024120807647705078,310.4048156738281,0.04786132276058197,0.412060409784317
59700,1,91699200,5.582696437835693,0.22328653931617737,0.007276952266693115,265.7873229980469,0.057059865444898605,0.40363848209381104
59750,1,91776000,5.041755199432373,0.22940385341644287,0.0,154.7413787841797,0.0454554557800293,0.3924542963504791
59800,1,91852800,5.599418640136719,0.23231150209903717,0.0,270.26922607421875,0.04281191900372505,0.3964160978794098
59850,1,91929600,5.490606784820557,0.239703968167305,0.0021373629570007324,242.4042510986328,0.05816161260008812,0.40106868743896484
59900,1,92006400,5.754180908203125,0.2328270673751831,0.004900813102722168,315.50701904296875,0.06845495849847794,0.40245041251182556
59950,1,92083200,5.715426921844482,0.23504090309143066,0.0,303.51373291015625,0.032673973590135574,0.39666715264320374
60000,1,92160000,5.465024948120117,0.25222262740135193,0.0,236.28175354003906,0.04550006985664368,0.3939974308013916
60050,1,92236800,5.657469272613525,0.229997918009758,0.0,286.4228515625,0.06108824908733368,0.3970138728618622
60100,1,92313600,5.782028675079346,0.25460299849510193,0.0,324.4166564941406,0.0670730248093605,0.39348921179771423
60150,1,92390400,5.210995674133301,0.26796966791152954,0.024137794971466064,183.27645874023438,0.06433074921369553,0.4120689034461975
60200,1,92467200,5.837767124176025,0.2251528948545456,0.0,343.0125732421875,0.06118746101856232,0.3841184079647064
60250,1,92544000,5.396013259887695,0.22586914896965027,0.0,220.52549743652344,0.06503503024578094,0.39756977558135986
60300,1,92620800,5.481567859649658,0.22375360131263733,0.014114022254943848,240.22305297851562,0.07402745634317398,0.4070570170879364
60350,1,92697600,5.468839168548584,0.25958332419395447,0.0,237.18470764160156,0.06942213326692581,0.3867279589176178
60400,1,92774400,5.578108310699463,0.24310991168022156,0.0,264.5706481933594,0.06092255190014839,0.39524349570274353
60450,1,92851200,5.567687511444092,0.2349306046962738,0.0,261.82794189453125,0.06380099803209305,0.3847190737724304
60500,1,92928000,5.762638092041016,0.24196621775627136,0.0,318.1866455078125,0.0981307104229927,0.38908782601356506
60550,1,93004800,5.7316107749938965,0.2225358784198761,0.0,308.4657287597656,0.06593882292509079,0.3915359079837799
60600,1,93081600,5.258915901184082,0.25388103723526,0.0,192.27294921875,0.05966094136238098,0.3999398350715637
60650,1,93158400,5.4749603271484375,0.2502192258834839,0.0,238.64100646972656,0.09316840767860413,0.39491477608680725
60700,1,93235200,5.317071914672852,0.22129900753498077,0.0,203.7863006591797,0.06619307398796082,0.39838218688964844
60750,1,93312000,5.484879970550537,0.2350677251815796,0.0,241.02003479003906,0.07458861917257309,0.3926449120044708
60800,1,93388800,5.590116024017334,0.2434973418712616,0.01890319585800171,267.7666931152344,0.07928302139043808,0.40945160388946533
60850,1,93465600,5.468520641326904,0.24908167123794556,0.0,237.1091766357422,0.0951654314994812,0.39254504442214966
60900,1,93542400,5.61322546005249,0.237714484333992,0.0,274.02667236328125,0.07437656074762344,0.3986641466617584
60950,1,93619200,5.788936614990234,0.25060099363327026,0.016699552536010742,326.6654968261719,0.07227522879838943,0.40834978222846985
61000,1,93696000,5.698256969451904,0.2473168671131134,0.0,298.346923828125,0.07674446702003479,0.39850378036499023
61050,1,93772800,5.388835430145264,0.2366284877061844,0.008206427097320557,218.94825744628906,0.05008944869041443,0.40410321950912476
61100,1,93849600,5.185765743255615,0.2405850738286972,0.0,178.71023559570312,0.048382747918367386,0.39378446340560913
61150,1,93926400,5.410017013549805,0.25350964069366455,0.0,223.63540649414062,0.07384004443883896,0.39331409335136414
61200,1,94003200,5.5632781982421875,0.2468782663345337,0.0,260.6759948730469,0.08754198998212814,0.39415115118026733
61250,1,94080000,5.5324835777282715,0.2754230797290802,0.0,252.77090454101562,0.07641751319169998,0.3962496817111969
61300,1,94156800,5.809434413909912,0.24697935581207275,0.0,333.43048095703125,0.06448584049940109,0.39274778962135315
61350,1,94233600,6.052968502044678,0.2774425148963928,0.0,425.3738708496094,0.06394445151090622,0.36956438422203064
61400,1,94310400,5.492530822753906,0.26131701469421387,0.0012557506561279297,242.87109375,0.05948453024029732,0.40062788128852844
61450,1,94387200,5.580519199371338,0.24014940857887268,0.0,265.2092590332031,0.07289469987154007,0.38293546438217163
61500,1,94464000,5.57116174697876,0.25490131974220276,0.0,262.7391662597656,0.055849503725767136,0.39646631479263306
61550,1,94540800,5.578512668609619,0.24757926166057587,0.019158244132995605,264.6776428222656,0.08036591857671738,0.4095791280269623
61600,1,94617600,4.825244426727295,0.25724679231643677,0.0,124.6169204711914,0.08924082666635513,0.3775187134742737
61650,1,94694400,5.5247321128845215,0.2350325584411621,0.01958411931991577,250.8191375732422,0.10194972157478333,0.40979206562042236
